source_id,metal,unit,section,item,y2021,y2022,y2023,y2024,y2025,y2026f,location_in_source,notes
jm_pgm_market_report_2026,Platinum,'000 troy oz,Primary supply,South Africa,4609,3966,3961,4154,3957,3873,PDF p27,"2026 = JM forecast (outlook section p16); tables printed with oz and tonnes separately, which differ from oz/32.1507 by up to 0.14 t; R71 (PDF read from ../General_Research_incoming, pulled 2026-09-27; not hosted: JM terms)"
jm_pgm_market_report_2026,Platinum,'000 troy oz,Primary supply,Russia,640,350,850,700,650,630,PDF p27,"2026 = JM forecast (outlook section p16); tables printed with oz and tonnes separately, which differ from oz/32.1507 by up to 0.14 t; R71 (PDF read from ../General_Research_incoming, pulled 2026-09-27; not hosted: JM terms)"
jm_pgm_market_report_2026,Platinum,'000 troy oz,Primary supply,North America,279,270,288,264,224,235,PDF p27,"2026 = JM forecast (outlook section p16); tables printed with oz and tonnes separately, which differ from oz/32.1507 by up to 0.14 t; R71 (PDF read from ../General_Research_incoming, pulled 2026-09-27; not hosted: JM terms)"
jm_pgm_market_report_2026,Platinum,'000 troy oz,Primary supply,Zimbabwe,465,488,515,507,513,515,PDF p27,"2026 = JM forecast (outlook section p16); tables printed with oz and tonnes separately, which differ from oz/32.1507 by up to 0.14 t; R71 (PDF read from ../General_Research_incoming, pulled 2026-09-27; not hosted: JM terms)"
jm_pgm_market_report_2026,Platinum,'000 troy oz,Primary supply,Others,222,160,162,199,213,202,PDF p27,"2026 = JM forecast (outlook section p16); tables printed with oz and tonnes separately, which differ from oz/32.1507 by up to 0.14 t; R71 (PDF read from ../General_Research_incoming, pulled 2026-09-27; not hosted: JM terms)"
jm_pgm_market_report_2026,Platinum,'000 troy oz,Primary supply,Total primary supply,6215,5234,5776,5824,5557,5455,PDF p27,"2026 = JM forecast (outlook section p16); tables printed with oz and tonnes separately, which differ from oz/32.1507 by up to 0.14 t; R71 (PDF read from ../General_Research_incoming, pulled 2026-09-27; not hosted: JM terms)"
jm_pgm_market_report_2026,Platinum,'000 troy oz,Secondary supply,Automotive,1230,1201,1082,1092,1132,1204,PDF p27,"open-loop recycling only (footnote 1); 2026 = JM forecast (outlook section p16); tables printed with oz and tonnes separately, which differ from oz/32.1507 by up to 0.14 t; R71 (PDF read from ../General_Research_incoming, pulled 2026-09-27; not hosted: JM terms)"
jm_pgm_market_report_2026,Platinum,'000 troy oz,Secondary supply,Electrical & other,49,48,58,74,85,98,PDF p27,"open-loop recycling only (footnote 1); 2026 = JM forecast (outlook section p16); tables printed with oz and tonnes separately, which differ from oz/32.1507 by up to 0.14 t; R71 (PDF read from ../General_Research_incoming, pulled 2026-09-27; not hosted: JM terms)"
jm_pgm_market_report_2026,Platinum,'000 troy oz,Secondary supply,Jewellery,366,273,226,233,330,274,PDF p27,"open-loop recycling only (footnote 1); 2026 = JM forecast (outlook section p16); tables printed with oz and tonnes separately, which differ from oz/32.1507 by up to 0.14 t; R71 (PDF read from ../General_Research_incoming, pulled 2026-09-27; not hosted: JM terms)"
jm_pgm_market_report_2026,Platinum,'000 troy oz,Secondary supply,Total secondary supply,1645,1522,1366,1399,1547,1576,PDF p27,"open-loop recycling only (footnote 1); 2026 = JM forecast (outlook section p16); tables printed with oz and tonnes separately, which differ from oz/32.1507 by up to 0.14 t; R71 (PDF read from ../General_Research_incoming, pulled 2026-09-27; not hosted: JM terms)"
jm_pgm_market_report_2026,Platinum,'000 troy oz,Supply total,Combined primary and secondary supply,7860,6756,7142,7223,7104,7031,PDF p27,"2026 = JM forecast (outlook section p16); tables printed with oz and tonnes separately, which differ from oz/32.1507 by up to 0.14 t; R71 (PDF read from ../General_Research_incoming, pulled 2026-09-27; not hosted: JM terms)"
jm_pgm_market_report_2026,Platinum,'000 troy oz,Demand,Automotive,2409,2742,3356,3389,3329,3226,PDF p27,"net of closed-loop recycling and sales of surplus metal back to the market (footnote); 2026 = JM forecast (outlook section p16); tables printed with oz and tonnes separately, which differ from oz/32.1507 by up to 0.14 t; R71 (PDF read from ../General_Research_incoming, pulled 2026-09-27; not hosted: JM terms)"
jm_pgm_market_report_2026,Platinum,'000 troy oz,Demand,Chemical,674,700,634,549,614,633,PDF p27,"net of closed-loop recycling and sales of surplus metal back to the market (footnote); 2026 = JM forecast (outlook section p16); tables printed with oz and tonnes separately, which differ from oz/32.1507 by up to 0.14 t; R71 (PDF read from ../General_Research_incoming, pulled 2026-09-27; not hosted: JM terms)"
jm_pgm_market_report_2026,Platinum,'000 troy oz,Demand,Dental & biomedical,224,245,258,266,281,282,PDF p27,"net of closed-loop recycling and sales of surplus metal back to the market (footnote); 2026 = JM forecast (outlook section p16); tables printed with oz and tonnes separately, which differ from oz/32.1507 by up to 0.14 t; R71 (PDF read from ../General_Research_incoming, pulled 2026-09-27; not hosted: JM terms)"
jm_pgm_market_report_2026,Platinum,'000 troy oz,Demand,Electrical & electronics,262,241,206,236,261,277,PDF p27,"net of closed-loop recycling and sales of surplus metal back to the market (footnote); 2026 = JM forecast (outlook section p16); tables printed with oz and tonnes separately, which differ from oz/32.1507 by up to 0.14 t; R71 (PDF read from ../General_Research_incoming, pulled 2026-09-27; not hosted: JM terms)"
jm_pgm_market_report_2026,Platinum,'000 troy oz,Demand,Glass,762,875,813,459,428,443,PDF p27,"net of closed-loop recycling and sales of surplus metal back to the market (footnote); 2026 = JM forecast (outlook section p16); tables printed with oz and tonnes separately, which differ from oz/32.1507 by up to 0.14 t; R71 (PDF read from ../General_Research_incoming, pulled 2026-09-27; not hosted: JM terms)"
jm_pgm_market_report_2026,Platinum,'000 troy oz,Demand,Investment,-1,-475,179,523,556,171,PDF p27,"net of closed-loop recycling and sales of surplus metal back to the market (footnote); 2026 = JM forecast (outlook section p16); tables printed with oz and tonnes separately, which differ from oz/32.1507 by up to 0.14 t; R71 (PDF read from ../General_Research_incoming, pulled 2026-09-27; not hosted: JM terms)"
jm_pgm_market_report_2026,Platinum,'000 troy oz,Demand,Jewellery,1468,1401,1372,1380,1507,1349,PDF p27,"net of closed-loop recycling and sales of surplus metal back to the market (footnote); 2026 = JM forecast (outlook section p16); tables printed with oz and tonnes separately, which differ from oz/32.1507 by up to 0.14 t; R71 (PDF read from ../General_Research_incoming, pulled 2026-09-27; not hosted: JM terms)"
jm_pgm_market_report_2026,Platinum,'000 troy oz,Demand,Petroleum,222,234,164,153,213,168,PDF p27,"net of closed-loop recycling and sales of surplus metal back to the market (footnote); 2026 = JM forecast (outlook section p16); tables printed with oz and tonnes separately, which differ from oz/32.1507 by up to 0.14 t; R71 (PDF read from ../General_Research_incoming, pulled 2026-09-27; not hosted: JM terms)"
jm_pgm_market_report_2026,Platinum,'000 troy oz,Demand,Pollution control,191,225,280,264,264,283,PDF p27,"net of closed-loop recycling and sales of surplus metal back to the market (footnote); 2026 = JM forecast (outlook section p16); tables printed with oz and tonnes separately, which differ from oz/32.1507 by up to 0.14 t; R71 (PDF read from ../General_Research_incoming, pulled 2026-09-27; not hosted: JM terms)"
jm_pgm_market_report_2026,Platinum,'000 troy oz,Demand,Other,446,485,557,563,566,570,PDF p27,"net of closed-loop recycling and sales of surplus metal back to the market (footnote); 2026 = JM forecast (outlook section p16); tables printed with oz and tonnes separately, which differ from oz/32.1507 by up to 0.14 t; R71 (PDF read from ../General_Research_incoming, pulled 2026-09-27; not hosted: JM terms)"
jm_pgm_market_report_2026,Platinum,'000 troy oz,Demand,Total demand,6657,6673,7819,7782,8019,7402,PDF p27,"net of closed-loop recycling and sales of surplus metal back to the market (footnote); 2026 = JM forecast (outlook section p16); tables printed with oz and tonnes separately, which differ from oz/32.1507 by up to 0.14 t; R71 (PDF read from ../General_Research_incoming, pulled 2026-09-27; not hosted: JM terms)"
jm_pgm_market_report_2026,Platinum,'000 troy oz,Balance,Movement in stocks,1203,83,-677,-559,-915,-371,PDF p27,"2026 = JM forecast (outlook section p16); tables printed with oz and tonnes separately, which differ from oz/32.1507 by up to 0.14 t; R71 (PDF read from ../General_Research_incoming, pulled 2026-09-27; not hosted: JM terms)"
jm_pgm_market_report_2026,Platinum,tonnes,Primary supply,South Africa,143.4,123.4,123.2,129.2,123.1,120.5,PDF p28,"2026 = JM forecast (outlook section p16); tables printed with oz and tonnes separately, which differ from oz/32.1507 by up to 0.14 t; R71 (PDF read from ../General_Research_incoming, pulled 2026-09-27; not hosted: JM terms)"
jm_pgm_market_report_2026,Platinum,tonnes,Primary supply,Russia,19.9,10.9,26.4,21.8,20.2,19.6,PDF p28,"2026 = JM forecast (outlook section p16); tables printed with oz and tonnes separately, which differ from oz/32.1507 by up to 0.14 t; R71 (PDF read from ../General_Research_incoming, pulled 2026-09-27; not hosted: JM terms)"
jm_pgm_market_report_2026,Platinum,tonnes,Primary supply,North America,8.7,8.4,9.0,8.2,7.0,7.3,PDF p28,"2026 = JM forecast (outlook section p16); tables printed with oz and tonnes separately, which differ from oz/32.1507 by up to 0.14 t; R71 (PDF read from ../General_Research_incoming, pulled 2026-09-27; not hosted: JM terms)"
jm_pgm_market_report_2026,Platinum,tonnes,Primary supply,Zimbabwe,14.4,15.2,16.0,15.8,16.0,16.0,PDF p28,"2026 = JM forecast (outlook section p16); tables printed with oz and tonnes separately, which differ from oz/32.1507 by up to 0.14 t; R71 (PDF read from ../General_Research_incoming, pulled 2026-09-27; not hosted: JM terms)"
jm_pgm_market_report_2026,Platinum,tonnes,Primary supply,Others,6.9,5.0,5.0,6.2,6.6,6.3,PDF p28,"2026 = JM forecast (outlook section p16); tables printed with oz and tonnes separately, which differ from oz/32.1507 by up to 0.14 t; R71 (PDF read from ../General_Research_incoming, pulled 2026-09-27; not hosted: JM terms)"
jm_pgm_market_report_2026,Platinum,tonnes,Primary supply,Total primary supply,193.3,162.9,179.6,181.2,172.9,169.7,PDF p28,"2026 = JM forecast (outlook section p16); tables printed with oz and tonnes separately, which differ from oz/32.1507 by up to 0.14 t; R71 (PDF read from ../General_Research_incoming, pulled 2026-09-27; not hosted: JM terms)"
jm_pgm_market_report_2026,Platinum,tonnes,Secondary supply,Automotive,38.3,37.4,33.7,34.0,35.2,37.4,PDF p28,"open-loop recycling only (footnote 1); 2026 = JM forecast (outlook section p16); tables printed with oz and tonnes separately, which differ from oz/32.1507 by up to 0.14 t; R71 (PDF read from ../General_Research_incoming, pulled 2026-09-27; not hosted: JM terms)"
jm_pgm_market_report_2026,Platinum,tonnes,Secondary supply,Electrical & other,1.5,1.5,1.8,2.3,2.6,3.1,PDF p28,"open-loop recycling only (footnote 1); 2026 = JM forecast (outlook section p16); tables printed with oz and tonnes separately, which differ from oz/32.1507 by up to 0.14 t; R71 (PDF read from ../General_Research_incoming, pulled 2026-09-27; not hosted: JM terms)"
jm_pgm_market_report_2026,Platinum,tonnes,Secondary supply,Jewellery,11.4,8.5,7.0,7.2,10.3,8.5,PDF p28,"open-loop recycling only (footnote 1); 2026 = JM forecast (outlook section p16); tables printed with oz and tonnes separately, which differ from oz/32.1507 by up to 0.14 t; R71 (PDF read from ../General_Research_incoming, pulled 2026-09-27; not hosted: JM terms)"
jm_pgm_market_report_2026,Platinum,tonnes,Secondary supply,Total secondary supply,51.2,47.4,42.5,43.5,48.1,49.0,PDF p28,"open-loop recycling only (footnote 1); 2026 = JM forecast (outlook section p16); tables printed with oz and tonnes separately, which differ from oz/32.1507 by up to 0.14 t; R71 (PDF read from ../General_Research_incoming, pulled 2026-09-27; not hosted: JM terms)"
jm_pgm_market_report_2026,Platinum,tonnes,Supply total,Combined primary and secondary supply,244.5,210.3,222.1,224.7,221.0,218.7,PDF p28,"2026 = JM forecast (outlook section p16); tables printed with oz and tonnes separately, which differ from oz/32.1507 by up to 0.14 t; R71 (PDF read from ../General_Research_incoming, pulled 2026-09-27; not hosted: JM terms)"
jm_pgm_market_report_2026,Platinum,tonnes,Demand,Automotive,74.9,85.4,104.4,105.4,103.5,100.3,PDF p28,"net of closed-loop recycling and sales of surplus metal back to the market (footnote); 2026 = JM forecast (outlook section p16); tables printed with oz and tonnes separately, which differ from oz/32.1507 by up to 0.14 t; R71 (PDF read from ../General_Research_incoming, pulled 2026-09-27; not hosted: JM terms)"
jm_pgm_market_report_2026,Platinum,tonnes,Demand,Chemical,21.0,21.7,19.7,17.1,19.2,19.7,PDF p28,"net of closed-loop recycling and sales of surplus metal back to the market (footnote); 2026 = JM forecast (outlook section p16); tables printed with oz and tonnes separately, which differ from oz/32.1507 by up to 0.14 t; R71 (PDF read from ../General_Research_incoming, pulled 2026-09-27; not hosted: JM terms)"
jm_pgm_market_report_2026,Platinum,tonnes,Demand,Dental & biomedical,6.9,7.6,8.1,8.3,8.8,8.8,PDF p28,"net of closed-loop recycling and sales of surplus metal back to the market (footnote); 2026 = JM forecast (outlook section p16); tables printed with oz and tonnes separately, which differ from oz/32.1507 by up to 0.14 t; R71 (PDF read from ../General_Research_incoming, pulled 2026-09-27; not hosted: JM terms)"
jm_pgm_market_report_2026,Platinum,tonnes,Demand,Electrical & electronics,8.1,7.5,6.4,7.3,8.1,8.6,PDF p28,"net of closed-loop recycling and sales of surplus metal back to the market (footnote); 2026 = JM forecast (outlook section p16); tables printed with oz and tonnes separately, which differ from oz/32.1507 by up to 0.14 t; R71 (PDF read from ../General_Research_incoming, pulled 2026-09-27; not hosted: JM terms)"
jm_pgm_market_report_2026,Platinum,tonnes,Demand,Glass,23.7,27.2,25.3,14.3,13.3,13.8,PDF p28,"net of closed-loop recycling and sales of surplus metal back to the market (footnote); 2026 = JM forecast (outlook section p16); tables printed with oz and tonnes separately, which differ from oz/32.1507 by up to 0.14 t; R71 (PDF read from ../General_Research_incoming, pulled 2026-09-27; not hosted: JM terms)"
jm_pgm_market_report_2026,Platinum,tonnes,Demand,Investment,-0.1,-14.7,5.5,16.3,17.3,5.3,PDF p28,"net of closed-loop recycling and sales of surplus metal back to the market (footnote); 2026 = JM forecast (outlook section p16); tables printed with oz and tonnes separately, which differ from oz/32.1507 by up to 0.14 t; R71 (PDF read from ../General_Research_incoming, pulled 2026-09-27; not hosted: JM terms)"
jm_pgm_market_report_2026,Platinum,tonnes,Demand,Jewellery,45.7,43.6,42.6,42.9,46.9,42.0,PDF p28,"net of closed-loop recycling and sales of surplus metal back to the market (footnote); 2026 = JM forecast (outlook section p16); tables printed with oz and tonnes separately, which differ from oz/32.1507 by up to 0.14 t; R71 (PDF read from ../General_Research_incoming, pulled 2026-09-27; not hosted: JM terms)"
jm_pgm_market_report_2026,Platinum,tonnes,Demand,Petroleum,6.9,7.3,5.1,4.7,6.6,5.2,PDF p28,"net of closed-loop recycling and sales of surplus metal back to the market (footnote); 2026 = JM forecast (outlook section p16); tables printed with oz and tonnes separately, which differ from oz/32.1507 by up to 0.14 t; R71 (PDF read from ../General_Research_incoming, pulled 2026-09-27; not hosted: JM terms)"
jm_pgm_market_report_2026,Platinum,tonnes,Demand,Pollution control,6.0,7.0,8.7,8.3,8.2,8.8,PDF p28,"net of closed-loop recycling and sales of surplus metal back to the market (footnote); 2026 = JM forecast (outlook section p16); tables printed with oz and tonnes separately, which differ from oz/32.1507 by up to 0.14 t; R71 (PDF read from ../General_Research_incoming, pulled 2026-09-27; not hosted: JM terms)"
jm_pgm_market_report_2026,Platinum,tonnes,Demand,Other,14.0,15.1,17.4,17.5,17.6,17.7,PDF p28,"net of closed-loop recycling and sales of surplus metal back to the market (footnote); 2026 = JM forecast (outlook section p16); tables printed with oz and tonnes separately, which differ from oz/32.1507 by up to 0.14 t; R71 (PDF read from ../General_Research_incoming, pulled 2026-09-27; not hosted: JM terms)"
jm_pgm_market_report_2026,Platinum,tonnes,Demand,Total demand,207.1,207.7,243.2,242.1,249.5,230.2,PDF p28,"net of closed-loop recycling and sales of surplus metal back to the market (footnote); 2026 = JM forecast (outlook section p16); tables printed with oz and tonnes separately, which differ from oz/32.1507 by up to 0.14 t; R71 (PDF read from ../General_Research_incoming, pulled 2026-09-27; not hosted: JM terms)"
jm_pgm_market_report_2026,Platinum,tonnes,Balance,Movement in stocks,37.4,2.6,-21.1,-17.4,-28.5,-11.5,PDF p28,"2026 = JM forecast (outlook section p16); tables printed with oz and tonnes separately, which differ from oz/32.1507 by up to 0.14 t; R71 (PDF read from ../General_Research_incoming, pulled 2026-09-27; not hosted: JM terms)"
jm_pgm_market_report_2026,Palladium,'000 troy oz,Primary supply,South Africa,2645,2288,2340,2438,2246,2235,PDF p29,"2026 = JM forecast (outlook section p16); tables printed with oz and tonnes separately, which differ from oz/32.1507 by up to 0.14 t; R71 (PDF read from ../General_Research_incoming, pulled 2026-09-27; not hosted: JM terms)"
jm_pgm_market_report_2026,Palladium,'000 troy oz,Primary supply,Russia,2689,2200,2900,3000,2950,2450,PDF p29,"2026 = JM forecast (outlook section p16); tables printed with oz and tonnes separately, which differ from oz/32.1507 by up to 0.14 t; R71 (PDF read from ../General_Research_incoming, pulled 2026-09-27; not hosted: JM terms)"
jm_pgm_market_report_2026,Palladium,'000 troy oz,Primary supply,North America,908,819,863,819,712,660,PDF p29,"2026 = JM forecast (outlook section p16); tables printed with oz and tonnes separately, which differ from oz/32.1507 by up to 0.14 t; R71 (PDF read from ../General_Research_incoming, pulled 2026-09-27; not hosted: JM terms)"
jm_pgm_market_report_2026,Palladium,'000 troy oz,Primary supply,Zimbabwe,392,409,427,419,422,424,PDF p29,"2026 = JM forecast (outlook section p16); tables printed with oz and tonnes separately, which differ from oz/32.1507 by up to 0.14 t; R71 (PDF read from ../General_Research_incoming, pulled 2026-09-27; not hosted: JM terms)"
jm_pgm_market_report_2026,Palladium,'000 troy oz,Primary supply,Others,212,235,247,252,259,263,PDF p29,"2026 = JM forecast (outlook section p16); tables printed with oz and tonnes separately, which differ from oz/32.1507 by up to 0.14 t; R71 (PDF read from ../General_Research_incoming, pulled 2026-09-27; not hosted: JM terms)"
jm_pgm_market_report_2026,Palladium,'000 troy oz,Primary supply,Total primary supply,6846,5951,6777,6928,6589,6032,PDF p29,"2026 = JM forecast (outlook section p16); tables printed with oz and tonnes separately, which differ from oz/32.1507 by up to 0.14 t; R71 (PDF read from ../General_Research_incoming, pulled 2026-09-27; not hosted: JM terms)"
jm_pgm_market_report_2026,Palladium,'000 troy oz,Secondary supply,Automotive,2886,2790,2388,2447,2657,2945,PDF p29,"open-loop recycling only (footnote 1); 2026 = JM forecast (outlook section p16); tables printed with oz and tonnes separately, which differ from oz/32.1507 by up to 0.14 t; R71 (PDF read from ../General_Research_incoming, pulled 2026-09-27; not hosted: JM terms)"
jm_pgm_market_report_2026,Palladium,'000 troy oz,Secondary supply,Electrical & other,426,442,455,464,467,470,PDF p29,"open-loop recycling only (footnote 1); 2026 = JM forecast (outlook section p16); tables printed with oz and tonnes separately, which differ from oz/32.1507 by up to 0.14 t; R71 (PDF read from ../General_Research_incoming, pulled 2026-09-27; not hosted: JM terms)"
jm_pgm_market_report_2026,Palladium,'000 troy oz,Secondary supply,Jewellery,9,10,10,10,11,12,PDF p29,"open-loop recycling only (footnote 1); 2026 = JM forecast (outlook section p16); tables printed with oz and tonnes separately, which differ from oz/32.1507 by up to 0.14 t; R71 (PDF read from ../General_Research_incoming, pulled 2026-09-27; not hosted: JM terms)"
jm_pgm_market_report_2026,Palladium,'000 troy oz,Secondary supply,Total secondary supply,3321,3242,2853,2921,3135,3427,PDF p29,"open-loop recycling only (footnote 1); 2026 = JM forecast (outlook section p16); tables printed with oz and tonnes separately, which differ from oz/32.1507 by up to 0.14 t; R71 (PDF read from ../General_Research_incoming, pulled 2026-09-27; not hosted: JM terms)"
jm_pgm_market_report_2026,Palladium,'000 troy oz,Supply total,Combined primary and secondary supply,10167,9193,9630,9849,9724,9459,PDF p29,"2026 = JM forecast (outlook section p16); tables printed with oz and tonnes separately, which differ from oz/32.1507 by up to 0.14 t; R71 (PDF read from ../General_Research_incoming, pulled 2026-09-27; not hosted: JM terms)"
jm_pgm_market_report_2026,Palladium,'000 troy oz,Demand,Automotive,8451,8414,8806,8329,8227,7829,PDF p29,"net of closed-loop recycling and sales of surplus metal back to the market (footnote); 2026 = JM forecast (outlook section p16); tables printed with oz and tonnes separately, which differ from oz/32.1507 by up to 0.14 t; R71 (PDF read from ../General_Research_incoming, pulled 2026-09-27; not hosted: JM terms)"
jm_pgm_market_report_2026,Palladium,'000 troy oz,Demand,Chemical,593,595,543,522,519,529,PDF p29,"net of closed-loop recycling and sales of surplus metal back to the market (footnote); 2026 = JM forecast (outlook section p16); tables printed with oz and tonnes separately, which differ from oz/32.1507 by up to 0.14 t; R71 (PDF read from ../General_Research_incoming, pulled 2026-09-27; not hosted: JM terms)"
jm_pgm_market_report_2026,Palladium,'000 troy oz,Demand,Dental & biomedical,208,189,192,172,163,151,PDF p29,"net of closed-loop recycling and sales of surplus metal back to the market (footnote); 2026 = JM forecast (outlook section p16); tables printed with oz and tonnes separately, which differ from oz/32.1507 by up to 0.14 t; R71 (PDF read from ../General_Research_incoming, pulled 2026-09-27; not hosted: JM terms)"
jm_pgm_market_report_2026,Palladium,'000 troy oz,Demand,Electrical & electronics,649,547,485,516,535,538,PDF p29,"net of closed-loop recycling and sales of surplus metal back to the market (footnote); 2026 = JM forecast (outlook section p16); tables printed with oz and tonnes separately, which differ from oz/32.1507 by up to 0.14 t; R71 (PDF read from ../General_Research_incoming, pulled 2026-09-27; not hosted: JM terms)"
jm_pgm_market_report_2026,Palladium,'000 troy oz,Demand,Investment,17,-109,61,229,382,-115,PDF p29,"net of closed-loop recycling and sales of surplus metal back to the market (footnote); 2026 = JM forecast (outlook section p16); tables printed with oz and tonnes separately, which differ from oz/32.1507 by up to 0.14 t; R71 (PDF read from ../General_Research_incoming, pulled 2026-09-27; not hosted: JM terms)"
jm_pgm_market_report_2026,Palladium,'000 troy oz,Demand,Jewellery,88,87,87,85,83,82,PDF p29,"net of closed-loop recycling and sales of surplus metal back to the market (footnote); 2026 = JM forecast (outlook section p16); tables printed with oz and tonnes separately, which differ from oz/32.1507 by up to 0.14 t; R71 (PDF read from ../General_Research_incoming, pulled 2026-09-27; not hosted: JM terms)"
jm_pgm_market_report_2026,Palladium,'000 troy oz,Demand,Pollution control,100,110,131,131,131,139,PDF p29,"net of closed-loop recycling and sales of surplus metal back to the market (footnote); 2026 = JM forecast (outlook section p16); tables printed with oz and tonnes separately, which differ from oz/32.1507 by up to 0.14 t; R71 (PDF read from ../General_Research_incoming, pulled 2026-09-27; not hosted: JM terms)"
jm_pgm_market_report_2026,Palladium,'000 troy oz,Demand,Other,96,82,85,83,100,92,PDF p29,"net of closed-loop recycling and sales of surplus metal back to the market (footnote); 2026 = JM forecast (outlook section p16); tables printed with oz and tonnes separately, which differ from oz/32.1507 by up to 0.14 t; R71 (PDF read from ../General_Research_incoming, pulled 2026-09-27; not hosted: JM terms)"
jm_pgm_market_report_2026,Palladium,'000 troy oz,Demand,Total demand,10202,9915,10390,10067,10140,9245,PDF p29,"net of closed-loop recycling and sales of surplus metal back to the market (footnote); 2026 = JM forecast (outlook section p16); tables printed with oz and tonnes separately, which differ from oz/32.1507 by up to 0.14 t; R71 (PDF read from ../General_Research_incoming, pulled 2026-09-27; not hosted: JM terms)"
jm_pgm_market_report_2026,Palladium,'000 troy oz,Balance,Movement in stocks,-35,-722,-760,-218,-416,214,PDF p29,"2026 = JM forecast (outlook section p16); tables printed with oz and tonnes separately, which differ from oz/32.1507 by up to 0.14 t; R71 (PDF read from ../General_Research_incoming, pulled 2026-09-27; not hosted: JM terms)"
jm_pgm_market_report_2026,Palladium,tonnes,Primary supply,South Africa,82.3,71.2,72.8,75.8,69.9,69.5,PDF p30,"2026 = JM forecast (outlook section p16); tables printed with oz and tonnes separately, which differ from oz/32.1507 by up to 0.14 t; R71 (PDF read from ../General_Research_incoming, pulled 2026-09-27; not hosted: JM terms)"
jm_pgm_market_report_2026,Palladium,tonnes,Primary supply,Russia,83.6,68.4,90.2,93.3,91.8,76.2,PDF p30,"2026 = JM forecast (outlook section p16); tables printed with oz and tonnes separately, which differ from oz/32.1507 by up to 0.14 t; R71 (PDF read from ../General_Research_incoming, pulled 2026-09-27; not hosted: JM terms)"
jm_pgm_market_report_2026,Palladium,tonnes,Primary supply,North America,28.2,25.5,26.8,25.5,22.1,20.5,PDF p30,"2026 = JM forecast (outlook section p16); tables printed with oz and tonnes separately, which differ from oz/32.1507 by up to 0.14 t; R71 (PDF read from ../General_Research_incoming, pulled 2026-09-27; not hosted: JM terms)"
jm_pgm_market_report_2026,Palladium,tonnes,Primary supply,Zimbabwe,12.2,12.7,13.3,13.0,13.1,13.2,PDF p30,"2026 = JM forecast (outlook section p16); tables printed with oz and tonnes separately, which differ from oz/32.1507 by up to 0.14 t; R71 (PDF read from ../General_Research_incoming, pulled 2026-09-27; not hosted: JM terms)"
jm_pgm_market_report_2026,Palladium,tonnes,Primary supply,Others,6.6,7.3,7.7,7.8,8.1,8.2,PDF p30,"2026 = JM forecast (outlook section p16); tables printed with oz and tonnes separately, which differ from oz/32.1507 by up to 0.14 t; R71 (PDF read from ../General_Research_incoming, pulled 2026-09-27; not hosted: JM terms)"
jm_pgm_market_report_2026,Palladium,tonnes,Primary supply,Total primary supply,212.9,185.1,210.8,215.4,205.0,187.6,PDF p30,"2026 = JM forecast (outlook section p16); tables printed with oz and tonnes separately, which differ from oz/32.1507 by up to 0.14 t; R71 (PDF read from ../General_Research_incoming, pulled 2026-09-27; not hosted: JM terms)"
jm_pgm_market_report_2026,Palladium,tonnes,Secondary supply,Automotive,89.8,86.8,74.3,76.1,82.6,91.6,PDF p30,"open-loop recycling only (footnote 1); 2026 = JM forecast (outlook section p16); tables printed with oz and tonnes separately, which differ from oz/32.1507 by up to 0.14 t; R71 (PDF read from ../General_Research_incoming, pulled 2026-09-27; not hosted: JM terms)"
jm_pgm_market_report_2026,Palladium,tonnes,Secondary supply,Electrical & other,13.2,13.7,14.1,14.4,14.5,14.6,PDF p30,"open-loop recycling only (footnote 1); 2026 = JM forecast (outlook section p16); tables printed with oz and tonnes separately, which differ from oz/32.1507 by up to 0.14 t; R71 (PDF read from ../General_Research_incoming, pulled 2026-09-27; not hosted: JM terms)"
jm_pgm_market_report_2026,Palladium,tonnes,Secondary supply,Jewellery,0.3,0.3,0.3,0.3,0.3,0.4,PDF p30,"open-loop recycling only (footnote 1); 2026 = JM forecast (outlook section p16); tables printed with oz and tonnes separately, which differ from oz/32.1507 by up to 0.14 t; R71 (PDF read from ../General_Research_incoming, pulled 2026-09-27; not hosted: JM terms)"
jm_pgm_market_report_2026,Palladium,tonnes,Secondary supply,Total secondary supply,103.3,100.8,88.7,90.8,97.4,106.6,PDF p30,"open-loop recycling only (footnote 1); 2026 = JM forecast (outlook section p16); tables printed with oz and tonnes separately, which differ from oz/32.1507 by up to 0.14 t; R71 (PDF read from ../General_Research_incoming, pulled 2026-09-27; not hosted: JM terms)"
jm_pgm_market_report_2026,Palladium,tonnes,Supply total,Combined primary and secondary supply,316.2,285.9,299.5,306.2,302.4,294.2,PDF p30,"2026 = JM forecast (outlook section p16); tables printed with oz and tonnes separately, which differ from oz/32.1507 by up to 0.14 t; R71 (PDF read from ../General_Research_incoming, pulled 2026-09-27; not hosted: JM terms)"
jm_pgm_market_report_2026,Palladium,tonnes,Demand,Automotive,262.8,261.7,273.9,259.0,255.9,243.5,PDF p30,"net of closed-loop recycling and sales of surplus metal back to the market (footnote); 2026 = JM forecast (outlook section p16); tables printed with oz and tonnes separately, which differ from oz/32.1507 by up to 0.14 t; R71 (PDF read from ../General_Research_incoming, pulled 2026-09-27; not hosted: JM terms)"
jm_pgm_market_report_2026,Palladium,tonnes,Demand,Chemical,18.5,18.6,16.9,16.2,16.1,16.5,PDF p30,"net of closed-loop recycling and sales of surplus metal back to the market (footnote); 2026 = JM forecast (outlook section p16); tables printed with oz and tonnes separately, which differ from oz/32.1507 by up to 0.14 t; R71 (PDF read from ../General_Research_incoming, pulled 2026-09-27; not hosted: JM terms)"
jm_pgm_market_report_2026,Palladium,tonnes,Demand,Dental & biomedical,6.5,5.9,6.0,5.3,5.1,4.7,PDF p30,"net of closed-loop recycling and sales of surplus metal back to the market (footnote); 2026 = JM forecast (outlook section p16); tables printed with oz and tonnes separately, which differ from oz/32.1507 by up to 0.14 t; R71 (PDF read from ../General_Research_incoming, pulled 2026-09-27; not hosted: JM terms)"
jm_pgm_market_report_2026,Palladium,tonnes,Demand,Electrical & electronics,20.2,17.1,15.0,16.1,16.6,16.7,PDF p30,"net of closed-loop recycling and sales of surplus metal back to the market (footnote); 2026 = JM forecast (outlook section p16); tables printed with oz and tonnes separately, which differ from oz/32.1507 by up to 0.14 t; R71 (PDF read from ../General_Research_incoming, pulled 2026-09-27; not hosted: JM terms)"
jm_pgm_market_report_2026,Palladium,tonnes,Demand,Investment,0.6,-3.4,1.9,7.1,11.9,-3.6,PDF p30,"net of closed-loop recycling and sales of surplus metal back to the market (footnote); 2026 = JM forecast (outlook section p16); tables printed with oz and tonnes separately, which differ from oz/32.1507 by up to 0.14 t; R71 (PDF read from ../General_Research_incoming, pulled 2026-09-27; not hosted: JM terms)"
jm_pgm_market_report_2026,Palladium,tonnes,Demand,Jewellery,2.7,2.6,2.7,2.6,2.5,2.5,PDF p30,"net of closed-loop recycling and sales of surplus metal back to the market (footnote); 2026 = JM forecast (outlook section p16); tables printed with oz and tonnes separately, which differ from oz/32.1507 by up to 0.14 t; R71 (PDF read from ../General_Research_incoming, pulled 2026-09-27; not hosted: JM terms)"
jm_pgm_market_report_2026,Palladium,tonnes,Demand,Pollution control,3.0,3.4,4.0,4.2,4.1,4.3,PDF p30,"net of closed-loop recycling and sales of surplus metal back to the market (footnote); 2026 = JM forecast (outlook section p16); tables printed with oz and tonnes separately, which differ from oz/32.1507 by up to 0.14 t; R71 (PDF read from ../General_Research_incoming, pulled 2026-09-27; not hosted: JM terms)"
jm_pgm_market_report_2026,Palladium,tonnes,Demand,Other,3.0,2.5,2.6,2.6,3.1,2.8,PDF p30,"net of closed-loop recycling and sales of surplus metal back to the market (footnote); 2026 = JM forecast (outlook section p16); tables printed with oz and tonnes separately, which differ from oz/32.1507 by up to 0.14 t; R71 (PDF read from ../General_Research_incoming, pulled 2026-09-27; not hosted: JM terms)"
jm_pgm_market_report_2026,Palladium,tonnes,Demand,Total demand,317.3,308.4,323.0,313.1,315.3,287.4,PDF p30,"net of closed-loop recycling and sales of surplus metal back to the market (footnote); 2026 = JM forecast (outlook section p16); tables printed with oz and tonnes separately, which differ from oz/32.1507 by up to 0.14 t; R71 (PDF read from ../General_Research_incoming, pulled 2026-09-27; not hosted: JM terms)"
jm_pgm_market_report_2026,Palladium,tonnes,Balance,Movement in stocks,-1.1,-22.5,-23.5,-6.9,-12.9,6.8,PDF p30,"2026 = JM forecast (outlook section p16); tables printed with oz and tonnes separately, which differ from oz/32.1507 by up to 0.14 t; R71 (PDF read from ../General_Research_incoming, pulled 2026-09-27; not hosted: JM terms)"
jm_pgm_market_report_2026,Rhodium,'000 troy oz,Primary supply,South Africa,645,570,548,593,566,557,PDF p31,"2026 = JM forecast (outlook section p16); tables printed with oz and tonnes separately, which differ from oz/32.1507 by up to 0.14 t; R71 (PDF read from ../General_Research_incoming, pulled 2026-09-27; not hosted: JM terms)"
jm_pgm_market_report_2026,Rhodium,'000 troy oz,Primary supply,Russia,53,54,75,64,68,55,PDF p31,"2026 = JM forecast (outlook section p16); tables printed with oz and tonnes separately, which differ from oz/32.1507 by up to 0.14 t; R71 (PDF read from ../General_Research_incoming, pulled 2026-09-27; not hosted: JM terms)"
jm_pgm_market_report_2026,Rhodium,'000 troy oz,Primary supply,North America,17,20,19,20,15,19,PDF p31,"2026 = JM forecast (outlook section p16); tables printed with oz and tonnes separately, which differ from oz/32.1507 by up to 0.14 t; R71 (PDF read from ../General_Research_incoming, pulled 2026-09-27; not hosted: JM terms)"
jm_pgm_market_report_2026,Rhodium,'000 troy oz,Primary supply,Zimbabwe,42,43,46,45,45,43,PDF p31,"2026 = JM forecast (outlook section p16); tables printed with oz and tonnes separately, which differ from oz/32.1507 by up to 0.14 t; R71 (PDF read from ../General_Research_incoming, pulled 2026-09-27; not hosted: JM terms)"
jm_pgm_market_report_2026,Rhodium,'000 troy oz,Primary supply,Others,6,6,7,7,7,7,PDF p31,"2026 = JM forecast (outlook section p16); tables printed with oz and tonnes separately, which differ from oz/32.1507 by up to 0.14 t; R71 (PDF read from ../General_Research_incoming, pulled 2026-09-27; not hosted: JM terms)"
jm_pgm_market_report_2026,Rhodium,'000 troy oz,Primary supply,Total primary supply,763,693,695,729,701,681,PDF p31,"2026 = JM forecast (outlook section p16); tables printed with oz and tonnes separately, which differ from oz/32.1507 by up to 0.14 t; R71 (PDF read from ../General_Research_incoming, pulled 2026-09-27; not hosted: JM terms)"
jm_pgm_market_report_2026,Rhodium,'000 troy oz,Secondary supply,Automotive,361,339,289,292,312,339,PDF p31,"open-loop recycling only (footnote 1); 2026 = JM forecast (outlook section p16); tables printed with oz and tonnes separately, which differ from oz/32.1507 by up to 0.14 t; R71 (PDF read from ../General_Research_incoming, pulled 2026-09-27; not hosted: JM terms)"
jm_pgm_market_report_2026,Rhodium,'000 troy oz,Secondary supply,Total secondary supply,361,339,289,292,312,339,PDF p31,"open-loop recycling only (footnote 1); 2026 = JM forecast (outlook section p16); tables printed with oz and tonnes separately, which differ from oz/32.1507 by up to 0.14 t; R71 (PDF read from ../General_Research_incoming, pulled 2026-09-27; not hosted: JM terms)"
jm_pgm_market_report_2026,Rhodium,'000 troy oz,Supply total,Combined primary and secondary supply,1124,1032,984,1021,1013,1020,PDF p31,"2026 = JM forecast (outlook section p16); tables printed with oz and tonnes separately, which differ from oz/32.1507 by up to 0.14 t; R71 (PDF read from ../General_Research_incoming, pulled 2026-09-27; not hosted: JM terms)"
jm_pgm_market_report_2026,Rhodium,'000 troy oz,Demand,Automotive,954,942,979,915,899,856,PDF p31,"net of closed-loop recycling and sales of surplus metal back to the market (footnote); 2026 = JM forecast (outlook section p16); tables printed with oz and tonnes separately, which differ from oz/32.1507 by up to 0.14 t; R71 (PDF read from ../General_Research_incoming, pulled 2026-09-27; not hosted: JM terms)"
jm_pgm_market_report_2026,Rhodium,'000 troy oz,Demand,Chemical,58,66,81,94,91,88,PDF p31,"net of closed-loop recycling and sales of surplus metal back to the market (footnote); 2026 = JM forecast (outlook section p16); tables printed with oz and tonnes separately, which differ from oz/32.1507 by up to 0.14 t; R71 (PDF read from ../General_Research_incoming, pulled 2026-09-27; not hosted: JM terms)"
jm_pgm_market_report_2026,Rhodium,'000 troy oz,Demand,Electrical & electronics,8,7,7,8,9,10,PDF p31,"net of closed-loop recycling and sales of surplus metal back to the market (footnote); 2026 = JM forecast (outlook section p16); tables printed with oz and tonnes separately, which differ from oz/32.1507 by up to 0.14 t; R71 (PDF read from ../General_Research_incoming, pulled 2026-09-27; not hosted: JM terms)"
jm_pgm_market_report_2026,Rhodium,'000 troy oz,Demand,Glass,-16,-20,-22,-3,38,38,PDF p31,"net of closed-loop recycling and sales of surplus metal back to the market (footnote); 2026 = JM forecast (outlook section p16); tables printed with oz and tonnes separately, which differ from oz/32.1507 by up to 0.14 t; R71 (PDF read from ../General_Research_incoming, pulled 2026-09-27; not hosted: JM terms)"
jm_pgm_market_report_2026,Rhodium,'000 troy oz,Demand,Other,10,14,16,16,26,13,PDF p31,"net of closed-loop recycling and sales of surplus metal back to the market (footnote); 2026 = JM forecast (outlook section p16); tables printed with oz and tonnes separately, which differ from oz/32.1507 by up to 0.14 t; R71 (PDF read from ../General_Research_incoming, pulled 2026-09-27; not hosted: JM terms)"
jm_pgm_market_report_2026,Rhodium,'000 troy oz,Demand,Total demand,1014,1009,1061,1030,1063,1005,PDF p31,"net of closed-loop recycling and sales of surplus metal back to the market (footnote); 2026 = JM forecast (outlook section p16); tables printed with oz and tonnes separately, which differ from oz/32.1507 by up to 0.14 t; R71 (PDF read from ../General_Research_incoming, pulled 2026-09-27; not hosted: JM terms)"
jm_pgm_market_report_2026,Rhodium,'000 troy oz,Balance,Movement in stocks,110,23,-77,-9,-50,15,PDF p31,"2026 = JM forecast (outlook section p16); tables printed with oz and tonnes separately, which differ from oz/32.1507 by up to 0.14 t; R71 (PDF read from ../General_Research_incoming, pulled 2026-09-27; not hosted: JM terms)"
jm_pgm_market_report_2026,Rhodium,tonnes,Primary supply,South Africa,20.1,17.7,17.0,18.4,17.6,17.3,PDF p32,"2026 = JM forecast (outlook section p16); tables printed with oz and tonnes separately, which differ from oz/32.1507 by up to 0.14 t; R71 (PDF read from ../General_Research_incoming, pulled 2026-09-27; not hosted: JM terms)"
jm_pgm_market_report_2026,Rhodium,tonnes,Primary supply,Russia,1.6,1.7,2.3,2.0,2.1,1.7,PDF p32,"2026 = JM forecast (outlook section p16); tables printed with oz and tonnes separately, which differ from oz/32.1507 by up to 0.14 t; R71 (PDF read from ../General_Research_incoming, pulled 2026-09-27; not hosted: JM terms)"
jm_pgm_market_report_2026,Rhodium,tonnes,Primary supply,North America,0.5,0.6,0.6,0.6,0.5,0.6,PDF p32,"2026 = JM forecast (outlook section p16); tables printed with oz and tonnes separately, which differ from oz/32.1507 by up to 0.14 t; R71 (PDF read from ../General_Research_incoming, pulled 2026-09-27; not hosted: JM terms)"
jm_pgm_market_report_2026,Rhodium,tonnes,Primary supply,Zimbabwe,1.3,1.3,1.4,1.4,1.4,1.4,PDF p32,"2026 = JM forecast (outlook section p16); tables printed with oz and tonnes separately, which differ from oz/32.1507 by up to 0.14 t; R71 (PDF read from ../General_Research_incoming, pulled 2026-09-27; not hosted: JM terms)"
jm_pgm_market_report_2026,Rhodium,tonnes,Primary supply,Others,0.2,0.2,0.2,0.2,0.2,0.2,PDF p32,"2026 = JM forecast (outlook section p16); tables printed with oz and tonnes separately, which differ from oz/32.1507 by up to 0.14 t; R71 (PDF read from ../General_Research_incoming, pulled 2026-09-27; not hosted: JM terms)"
jm_pgm_market_report_2026,Rhodium,tonnes,Primary supply,Total primary supply,23.7,21.5,21.5,22.6,21.8,21.2,PDF p32,"2026 = JM forecast (outlook section p16); tables printed with oz and tonnes separately, which differ from oz/32.1507 by up to 0.14 t; R71 (PDF read from ../General_Research_incoming, pulled 2026-09-27; not hosted: JM terms)"
jm_pgm_market_report_2026,Rhodium,tonnes,Secondary supply,Automotive,11.2,10.5,9.0,9.1,9.7,10.5,PDF p32,"open-loop recycling only (footnote 1); 2026 = JM forecast (outlook section p16); tables printed with oz and tonnes separately, which differ from oz/32.1507 by up to 0.14 t; R71 (PDF read from ../General_Research_incoming, pulled 2026-09-27; not hosted: JM terms)"
jm_pgm_market_report_2026,Rhodium,tonnes,Secondary supply,Total secondary supply,11.2,10.5,9.0,9.1,9.7,10.5,PDF p32,"open-loop recycling only (footnote 1); 2026 = JM forecast (outlook section p16); tables printed with oz and tonnes separately, which differ from oz/32.1507 by up to 0.14 t; R71 (PDF read from ../General_Research_incoming, pulled 2026-09-27; not hosted: JM terms)"
jm_pgm_market_report_2026,Rhodium,tonnes,Supply total,Combined primary and secondary supply,34.9,32.0,30.5,31.7,31.5,31.7,PDF p32,"2026 = JM forecast (outlook section p16); tables printed with oz and tonnes separately, which differ from oz/32.1507 by up to 0.14 t; R71 (PDF read from ../General_Research_incoming, pulled 2026-09-27; not hosted: JM terms)"
jm_pgm_market_report_2026,Rhodium,tonnes,Demand,Automotive,29.7,29.3,30.4,28.5,28.0,26.6,PDF p32,"net of closed-loop recycling and sales of surplus metal back to the market (footnote); 2026 = JM forecast (outlook section p16); tables printed with oz and tonnes separately, which differ from oz/32.1507 by up to 0.14 t; R71 (PDF read from ../General_Research_incoming, pulled 2026-09-27; not hosted: JM terms)"
jm_pgm_market_report_2026,Rhodium,tonnes,Demand,Chemical,1.8,2.0,2.5,2.9,2.8,2.7,PDF p32,"net of closed-loop recycling and sales of surplus metal back to the market (footnote); 2026 = JM forecast (outlook section p16); tables printed with oz and tonnes separately, which differ from oz/32.1507 by up to 0.14 t; R71 (PDF read from ../General_Research_incoming, pulled 2026-09-27; not hosted: JM terms)"
jm_pgm_market_report_2026,Rhodium,tonnes,Demand,Electrical & electronics,0.2,0.2,0.2,0.2,0.3,0.3,PDF p32,"net of closed-loop recycling and sales of surplus metal back to the market (footnote); 2026 = JM forecast (outlook section p16); tables printed with oz and tonnes separately, which differ from oz/32.1507 by up to 0.14 t; R71 (PDF read from ../General_Research_incoming, pulled 2026-09-27; not hosted: JM terms)"
jm_pgm_market_report_2026,Rhodium,tonnes,Demand,Glass,-0.5,-0.6,-0.7,-0.1,1.2,1.2,PDF p32,"net of closed-loop recycling and sales of surplus metal back to the market (footnote); 2026 = JM forecast (outlook section p16); tables printed with oz and tonnes separately, which differ from oz/32.1507 by up to 0.14 t; R71 (PDF read from ../General_Research_incoming, pulled 2026-09-27; not hosted: JM terms)"
jm_pgm_market_report_2026,Rhodium,tonnes,Demand,Other,0.3,0.4,0.5,0.5,0.8,0.4,PDF p32,"net of closed-loop recycling and sales of surplus metal back to the market (footnote); 2026 = JM forecast (outlook section p16); tables printed with oz and tonnes separately, which differ from oz/32.1507 by up to 0.14 t; R71 (PDF read from ../General_Research_incoming, pulled 2026-09-27; not hosted: JM terms)"
jm_pgm_market_report_2026,Rhodium,tonnes,Demand,Total demand,31.5,31.3,32.9,32.0,33.1,31.2,PDF p32,"net of closed-loop recycling and sales of surplus metal back to the market (footnote); 2026 = JM forecast (outlook section p16); tables printed with oz and tonnes separately, which differ from oz/32.1507 by up to 0.14 t; R71 (PDF read from ../General_Research_incoming, pulled 2026-09-27; not hosted: JM terms)"
jm_pgm_market_report_2026,Rhodium,tonnes,Balance,Movement in stocks,3.4,0.7,-2.4,-0.3,-1.6,0.5,PDF p32,"2026 = JM forecast (outlook section p16); tables printed with oz and tonnes separately, which differ from oz/32.1507 by up to 0.14 t; R71 (PDF read from ../General_Research_incoming, pulled 2026-09-27; not hosted: JM terms)"
jm_pgm_market_report_2026,Ruthenium,'000 troy oz,Primary supply,Total primary supply,1417,971,914,1125,972,977,PDF p33,"2026 = JM forecast (outlook section p16); tables printed with oz and tonnes separately, which differ from oz/32.1507 by up to 0.14 t; R71 (PDF read from ../General_Research_incoming, pulled 2026-09-27; not hosted: JM terms)"
jm_pgm_market_report_2026,Ruthenium,'000 troy oz,Demand,Chemical,351,324,426,520,567,477,PDF p33,"net of closed-loop recycling and sales of surplus metal back to the market (footnote); 2026 = JM forecast (outlook section p16); tables printed with oz and tonnes separately, which differ from oz/32.1507 by up to 0.14 t; R71 (PDF read from ../General_Research_incoming, pulled 2026-09-27; not hosted: JM terms)"
jm_pgm_market_report_2026,Ruthenium,'000 troy oz,Demand,Electrical & electronics,441,374,300,365,413,435,PDF p33,"net of closed-loop recycling and sales of surplus metal back to the market (footnote); 2026 = JM forecast (outlook section p16); tables printed with oz and tonnes separately, which differ from oz/32.1507 by up to 0.14 t; R71 (PDF read from ../General_Research_incoming, pulled 2026-09-27; not hosted: JM terms)"
jm_pgm_market_report_2026,Ruthenium,'000 troy oz,Demand,Electrochemical,129,131,146,143,135,127,PDF p33,"net of closed-loop recycling and sales of surplus metal back to the market (footnote); 2026 = JM forecast (outlook section p16); tables printed with oz and tonnes separately, which differ from oz/32.1507 by up to 0.14 t; R71 (PDF read from ../General_Research_incoming, pulled 2026-09-27; not hosted: JM terms)"
jm_pgm_market_report_2026,Ruthenium,'000 troy oz,Demand,Other,108,125,136,142,150,154,PDF p33,"net of closed-loop recycling and sales of surplus metal back to the market (footnote); 2026 = JM forecast (outlook section p16); tables printed with oz and tonnes separately, which differ from oz/32.1507 by up to 0.14 t; R71 (PDF read from ../General_Research_incoming, pulled 2026-09-27; not hosted: JM terms)"
jm_pgm_market_report_2026,Ruthenium,'000 troy oz,Demand,Total demand,1029,954,1008,1170,1265,1193,PDF p33,"net of closed-loop recycling and sales of surplus metal back to the market (footnote); 2026 = JM forecast (outlook section p16); tables printed with oz and tonnes separately, which differ from oz/32.1507 by up to 0.14 t; R71 (PDF read from ../General_Research_incoming, pulled 2026-09-27; not hosted: JM terms)"
jm_pgm_market_report_2026,Ruthenium,'000 troy oz,Balance,Movement in stocks,388,17,-94,-45,-293,-216,PDF p33,"2026 = JM forecast (outlook section p16); tables printed with oz and tonnes separately, which differ from oz/32.1507 by up to 0.14 t; R71 (PDF read from ../General_Research_incoming, pulled 2026-09-27; not hosted: JM terms)"
jm_pgm_market_report_2026,Ruthenium,tonnes,Primary supply,Total primary supply,44.1,30.2,28.4,35.0,30.2,30.4,PDF p33,"2026 = JM forecast (outlook section p16); tables printed with oz and tonnes separately, which differ from oz/32.1507 by up to 0.14 t; R71 (PDF read from ../General_Research_incoming, pulled 2026-09-27; not hosted: JM terms)"
jm_pgm_market_report_2026,Ruthenium,tonnes,Demand,Chemical,10.9,10.1,13.3,16.2,17.6,14.8,PDF p33,"net of closed-loop recycling and sales of surplus metal back to the market (footnote); 2026 = JM forecast (outlook section p16); tables printed with oz and tonnes separately, which differ from oz/32.1507 by up to 0.14 t; R71 (PDF read from ../General_Research_incoming, pulled 2026-09-27; not hosted: JM terms)"
jm_pgm_market_report_2026,Ruthenium,tonnes,Demand,Electrical & electronics,13.7,11.6,9.3,11.4,12.8,13.5,PDF p33,"net of closed-loop recycling and sales of surplus metal back to the market (footnote); 2026 = JM forecast (outlook section p16); tables printed with oz and tonnes separately, which differ from oz/32.1507 by up to 0.14 t; R71 (PDF read from ../General_Research_incoming, pulled 2026-09-27; not hosted: JM terms)"
jm_pgm_market_report_2026,Ruthenium,tonnes,Demand,Electrochemical,4.0,4.1,4.5,4.4,4.2,4.0,PDF p33,"net of closed-loop recycling and sales of surplus metal back to the market (footnote); 2026 = JM forecast (outlook section p16); tables printed with oz and tonnes separately, which differ from oz/32.1507 by up to 0.14 t; R71 (PDF read from ../General_Research_incoming, pulled 2026-09-27; not hosted: JM terms)"
jm_pgm_market_report_2026,Ruthenium,tonnes,Demand,Other,3.4,3.9,4.2,4.4,4.7,4.8,PDF p33,"net of closed-loop recycling and sales of surplus metal back to the market (footnote); 2026 = JM forecast (outlook section p16); tables printed with oz and tonnes separately, which differ from oz/32.1507 by up to 0.14 t; R71 (PDF read from ../General_Research_incoming, pulled 2026-09-27; not hosted: JM terms)"
jm_pgm_market_report_2026,Ruthenium,tonnes,Demand,Total demand,32.0,29.7,31.3,36.4,39.3,37.1,PDF p33,"net of closed-loop recycling and sales of surplus metal back to the market (footnote); 2026 = JM forecast (outlook section p16); tables printed with oz and tonnes separately, which differ from oz/32.1507 by up to 0.14 t; R71 (PDF read from ../General_Research_incoming, pulled 2026-09-27; not hosted: JM terms)"
jm_pgm_market_report_2026,Ruthenium,tonnes,Balance,Movement in stocks,12.1,0.5,-2.9,-1.4,-9.1,-6.7,PDF p33,"2026 = JM forecast (outlook section p16); tables printed with oz and tonnes separately, which differ from oz/32.1507 by up to 0.14 t; R71 (PDF read from ../General_Research_incoming, pulled 2026-09-27; not hosted: JM terms)"
jm_pgm_market_report_2026,Iridium,'000 troy oz,Primary supply,Total primary supply,235,218,229,237,229,229,PDF p34,"2026 = JM forecast (outlook section p16); tables printed with oz and tonnes separately, which differ from oz/32.1507 by up to 0.14 t; R71 (PDF read from ../General_Research_incoming, pulled 2026-09-27; not hosted: JM terms)"
jm_pgm_market_report_2026,Iridium,'000 troy oz,Demand,Chemical,30,25,31,37,34,28,PDF p34,"net of closed-loop recycling and sales of surplus metal back to the market (footnote); 2026 = JM forecast (outlook section p16); tables printed with oz and tonnes separately, which differ from oz/32.1507 by up to 0.14 t; R71 (PDF read from ../General_Research_incoming, pulled 2026-09-27; not hosted: JM terms)"
jm_pgm_market_report_2026,Iridium,'000 troy oz,Demand,Electrical & electronics,50,26,25,27,33,33,PDF p34,"net of closed-loop recycling and sales of surplus metal back to the market (footnote); 2026 = JM forecast (outlook section p16); tables printed with oz and tonnes separately, which differ from oz/32.1507 by up to 0.14 t; R71 (PDF read from ../General_Research_incoming, pulled 2026-09-27; not hosted: JM terms)"
jm_pgm_market_report_2026,Iridium,'000 troy oz,Demand,Electrochemical,82,88,120,94,100,109,PDF p34,"net of closed-loop recycling and sales of surplus metal back to the market (footnote); 2026 = JM forecast (outlook section p16); tables printed with oz and tonnes separately, which differ from oz/32.1507 by up to 0.14 t; R71 (PDF read from ../General_Research_incoming, pulled 2026-09-27; not hosted: JM terms)"
jm_pgm_market_report_2026,Iridium,'000 troy oz,Demand,Other,67,62,70,68,69,70,PDF p34,"net of closed-loop recycling and sales of surplus metal back to the market (footnote); 2026 = JM forecast (outlook section p16); tables printed with oz and tonnes separately, which differ from oz/32.1507 by up to 0.14 t; R71 (PDF read from ../General_Research_incoming, pulled 2026-09-27; not hosted: JM terms)"
jm_pgm_market_report_2026,Iridium,'000 troy oz,Demand,Total demand,229,201,246,226,236,240,PDF p34,"net of closed-loop recycling and sales of surplus metal back to the market (footnote); 2026 = JM forecast (outlook section p16); tables printed with oz and tonnes separately, which differ from oz/32.1507 by up to 0.14 t; R71 (PDF read from ../General_Research_incoming, pulled 2026-09-27; not hosted: JM terms)"
jm_pgm_market_report_2026,Iridium,'000 troy oz,Balance,Movement in stocks,6,17,-17,11,-7,-11,PDF p34,"2026 = JM forecast (outlook section p16); tables printed with oz and tonnes separately, which differ from oz/32.1507 by up to 0.14 t; R71 (PDF read from ../General_Research_incoming, pulled 2026-09-27; not hosted: JM terms)"
jm_pgm_market_report_2026,Iridium,tonnes,Primary supply,Total primary supply,7.3,6.8,7.1,7.4,7.1,7.1,PDF p34,"2026 = JM forecast (outlook section p16); tables printed with oz and tonnes separately, which differ from oz/32.1507 by up to 0.14 t; R71 (PDF read from ../General_Research_incoming, pulled 2026-09-27; not hosted: JM terms)"
jm_pgm_market_report_2026,Iridium,tonnes,Demand,Chemical,0.9,0.8,1.0,1.1,1.1,0.9,PDF p34,"net of closed-loop recycling and sales of surplus metal back to the market (footnote); 2026 = JM forecast (outlook section p16); tables printed with oz and tonnes separately, which differ from oz/32.1507 by up to 0.14 t; R71 (PDF read from ../General_Research_incoming, pulled 2026-09-27; not hosted: JM terms)"
jm_pgm_market_report_2026,Iridium,tonnes,Demand,Electrical & electronics,1.6,0.8,0.8,0.9,1.0,1.0,PDF p34,"net of closed-loop recycling and sales of surplus metal back to the market (footnote); 2026 = JM forecast (outlook section p16); tables printed with oz and tonnes separately, which differ from oz/32.1507 by up to 0.14 t; R71 (PDF read from ../General_Research_incoming, pulled 2026-09-27; not hosted: JM terms)"
jm_pgm_market_report_2026,Iridium,tonnes,Demand,Electrochemical,2.6,2.7,3.7,2.9,3.1,3.4,PDF p34,"net of closed-loop recycling and sales of surplus metal back to the market (footnote); 2026 = JM forecast (outlook section p16); tables printed with oz and tonnes separately, which differ from oz/32.1507 by up to 0.14 t; R71 (PDF read from ../General_Research_incoming, pulled 2026-09-27; not hosted: JM terms)"
jm_pgm_market_report_2026,Iridium,tonnes,Demand,Other,2.1,1.9,2.2,2.1,2.1,2.2,PDF p34,"net of closed-loop recycling and sales of surplus metal back to the market (footnote); 2026 = JM forecast (outlook section p16); tables printed with oz and tonnes separately, which differ from oz/32.1507 by up to 0.14 t; R71 (PDF read from ../General_Research_incoming, pulled 2026-09-27; not hosted: JM terms)"
jm_pgm_market_report_2026,Iridium,tonnes,Demand,Total demand,7.2,6.2,7.7,7.0,7.3,7.5,PDF p34,"net of closed-loop recycling and sales of surplus metal back to the market (footnote); 2026 = JM forecast (outlook section p16); tables printed with oz and tonnes separately, which differ from oz/32.1507 by up to 0.14 t; R71 (PDF read from ../General_Research_incoming, pulled 2026-09-27; not hosted: JM terms)"
jm_pgm_market_report_2026,Iridium,tonnes,Balance,Movement in stocks,0.1,0.6,-0.6,0.4,-0.2,-0.4,PDF p34,"2026 = JM forecast (outlook section p16); tables printed with oz and tonnes separately, which differ from oz/32.1507 by up to 0.14 t; R71 (PDF read from ../General_Research_incoming, pulled 2026-09-27; not hosted: JM terms)"
