domain_dir,id,file,bytes,sha256,license
01_density_and_population,siltala_granvik_2021,siltala_granvik_2021_mass_density_of_asteroid_16_Psyche_ApJL_arXiv2103.01707.pdf,4977383,9343743365bcff57c2dcb851d9be17283178c90175fc8a6392f41fb8783afb4c,cc-by 4.0 (arXiv:2103.01707 abs page; checked 2026-09-26)
01_density_and_population,kretlow_2022_rosa_mass_density,kretlow_2022_rosa_p_type_bulk_density_aanda668A141_arxiv2210.03993v1_CC-BY.pdf,315018,649333058d30d061bbeb0e69e87d4999396f970cb29411665682b23d02be1a77,cc-by-nc-sa 4.0 (arXiv:2210.03993 abs page; checked 2026-09-26)
01_density_and_population,berthier_2023_ssodnet,berthier_2023_ssodnet_aanda671A151_arxiv2209.10697v4.pdf,5020813,50ad66340f0eb2ea55628a2f4f73396a1d94da643ba955e027193a4eb7cfbaaa,cc-by 4.0 (arXiv:2209.10697 abs page; checked 2026-09-26)
01_density_and_population,mainzer_2019_neowise_v2,mainzer_2019_neowise_diameters_albedos_v2_pds_bundle.zip,6768592,8412fe9b5ed65656009e202340e742f7260b9cbd92906a8dd48fc20a97b1c003,public-domain (NASA PDS archive data)
01_density_and_population,fowler_chillemi_1992_iras_mps_diameter_formula,fowler_chillemi_1992_iras_mps_data_processing_pl-tr-92-2049_ntrs19940005152.pdf,1494766,9de469b37ff1f5d07a8060fd3d2646df7c220ce23bafae51136d0e66102b035f,ntrs-public-use (NTRS 19940005152 copyright.determinationType=GOV_PUBLIC_USE_PERMITTED; checked 2026-09-26)
01_density_and_population,bus_demeo_2020_pds_taxonomy_bundle,bus_demeo_2020_pds_bundle.zip,28354,1cd838c3ec73cd4f57f88c24065a3743640ac8adb05ee3d1fdfc2e5d99d22399,public-domain (NASA PDS archive data)
02_composition_value,nat_dms2023,des_metal_extraction_scirep_s41598-023-44152-0_CC-BY4.pdf,9379934,b3997164da8d81c457b3f064404e6d4dc9787464ba2de04d1971adcc01fc50da,cc-by 4.0 (licence statement in PDF p14; checked 2026-09-26)
02_composition_value,toplis2014,toplis_et_al_2014_bulk_composition_of_vesta_ntrs.pdf,149404,10b819890343f489f5a43b6ff4051056cae79134732017e86d7bc5160d733758,ntrs-public-use (NTRS 20140005771 copyright.determinationType=PUBLIC_USE_PERMITTED; checked 2026-09-26)
02_composition_value,bennu_volatiles_2025,bennu_volatiles_nature_astronomy_2025_s41550-024-02472-9_CC-BY.pdf,8394818,5f491aaa3f220171276ef7a99168780419cae25ac49dfe340dac32af2b8dcd88,cc-by 4.0 (Open Access statement in PDF; checked 2026-09-26)
02_composition_value,ryugu_hydrated_2023,ryugu_dehydrated_skin_hydrated_interior_nature_astronomy_2023_s41550-022-01841-6_CC-BY.pdf,7207661,01bb3fd0a24fdd323cf5f94a11721ef9220ba5ca79f27aa0f3781a7956dd9c1f,cc-by 4.0 (Open Access statement in PDF; checked 2026-09-26)
02_composition_value,glavin_2018,glavin_et_al_2018_origin_evolution_organic_matter_carbonaceous_chondrites_NTRS_20180004493_publicdomain.pdf,2137763,590ac7946b24b5f6531ee1f7f195bc831aa678d05f868f1ce7c38a5b7c6a0dc9,ntrs-public-use (NTRS 20180004493 copyright.determinationType=GOV_PERMITTED; checked 2026-09-26)
02_composition_value,marschall_2025_67p_refractory_ice_ratio,marschall_morbidelli_marrocchi_2025_67P_refractory_to_ice_ratio_pss_arxiv2501.17864v1.pdf,1177981,9c009674646101dfb85a867267face3bef870735033bb34cf3af521568a3c8d2,cc-by-sa 4.0 (arXiv:2501.17864 abs page; checked 2026-09-26)
03_dv_propulsion,shoemaker_helin_1978,shoemaker_helin_1978_NASA_CP-2053_Earth-approaching_targets_ntrs_19780021079_publicdomain.pdf,528296,d9fc6b11a206b79675b1ddedfa8e5a884d13f7e33d98a1bf0be64af1da65c7e1,ntrs-public-use (NTRS 19780021079 copyright.determinationType=GOV_PUBLIC_USE_PERMITTED; checked 2026-09-26)
03_dv_propulsion,nextc_protoflight_2021,monheiser_goodfellow_aubuchon_2021_NEXT-C_flight_thruster_proto-flight_test_ntrs_20210018563_publicdomain.pdf,2476410,67677d91e6947c7886b131ef4a908c405b29ea3907b708aef598ebee2e9501bf,ntrs-public-use (NTRS 20210018563 copyright.determinationType=PUBLIC_USE_PERMITTED; checked 2026-09-26)
03_dv_propulsion,sanna_2024,sanna_et_al_2024_optimal_impulsive_orbit_transfers_from_Gateway_to_LLO_Aerospace_11-460_CC-BY.pdf,5932664,187b5f8d8e3183b5c34a07cc8d1568008439c4013af9c5eec2b32443662f1b2b,cc-by 4.0 (MDPI licence statement in PDF p1; checked 2026-09-26)
03_dv_propulsion,bowles_dawson_2004,bowles_dawson_2004_taming_liquid_hydrogen_centaur_NASA_SP-4176_public_domain.pdf,2224580,2d43909c45210c08b208c5bfbbd4238c778692a2d91a7753d4d468f26af87283,ntrs-public-use (NTRS 20050070711 copyright.determinationType=GOV_PUBLIC_USE_PERMITTED; checked 2026-09-26)
03_dv_propulsion,jue_2003,jue_ssme_rs25_thirty_years_of_innovation_AIAA_NTRS-20020046693_public_domain.pdf,436196,f183c143a1efcfb569925a3b7bfbff4d1aeec8fd197513ee10a3d1577e04c824,ntrs-public-use (NTRS 20020046693 copyright.determinationType=GOV_PUBLIC_USE_PERMITTED; checked 2026-09-26)
03_dv_propulsion,ssme_rs25_adaptation_2015,ssme_to_rs25_sls_adaptation_challenges_AIAA_NTRS-20150016499_public_domain.pdf,340108,56e54eebde8baff3cba65e263eb070622cfed11c3e005885254c0a49cfa57adc,ntrs-public-use (NTRS 20150016499 copyright.determinationType=PUBLIC_USE_PERMITTED; checked 2026-09-26)
03_dv_propulsion,thapa_2023,thapa_2023_evolution_in_propellant_of_the_rocket_engine_JMPC_CC-BY.pdf,602937,288b5479b4949a26c082dcace2acd14e91c75d4e7117eb6affd4fabf6ff5c169,cc-by 4.0 (licence statement in PDF; checked 2026-09-26)
03_dv_propulsion,thiokol_sts33r_1990,thiokol_1990_sts33r_flight_motor_set_360L007_final_report_NTRS_public_domain.pdf,6826476,9c1661320e03bc011062003ce58b2bace8bf81ae122c5513c6db1bbb56a9a672,ntrs-public-use (NTRS 19900016751 copyright.determinationType=GOV_PUBLIC_USE_PERMITTED; checked 2026-09-26)
03_dv_propulsion,yim_2014,yim_2014_esm_plume_impingement_analysis_AIAA_JPC_NTRS_public_domain.pdf,356117,ec93f5cb4cd53e118a1a7ea2f12517201db4df7f7805006fe118da4e54b97e96,ntrs-public-use (NTRS 20140017052 copyright.determinationType=PUBLIC_USE_PERMITTED; checked 2026-09-26)
03_dv_propulsion,jpl_1968,jpl_1968_status_of_technology_monopropellant_hydrazine_JPL_TR32-7227_NTRS_public_domain.pdf,2183694,86d70b785de7ef23b4559a310ef9b2283ff30411340a637f6d4f3735369fc3ad,ntrs-public-use (NTRS 19680006875 copyright.determinationType=PUBLIC_USE_PERMITTED; checked 2026-09-26)
03_dv_propulsion,hitt_2001,hitt_2001_mems_catalyzed_hydrogen_peroxide_micropropulsion_SmartMaterStruct_NTRS_public_domain.pdf,1791377,2c79dd50a85f904aaf2556cab343181aed067e6712785879a79f20e8b96cfd6e,ntrs-public-use (NTRS 20010102648 copyright.determinationType=GOV_PUBLIC_USE_PERMITTED; checked 2026-09-26)
03_dv_propulsion,morren_curran_1991,morren_curran_1991_preliminary_performance_life_evaluations_2kW_arcjet_NASA_TM105149_AIAA-91-2228_public_domain.pdf,13228163,2fa2f6590783c7f17a0d6d51717369ced764d8ccb581fa880f5a76c328b31850,ntrs-public-use (NTRS 19910020938 copyright.determinationType=PUBLIC_USE_PERMITTED; checked 2026-09-26)
03_dv_propulsion,borowski_2012,borowski_mccurdy_packard_2012_NTP_proven_growth_technology_IEEE_Aerospace_NTRS_public_domain.pdf,1480081,cbcef0e046468c8de2439479dbfe1bd1ec5434d0b49a0a6276a104b20e830cfc,ntrs-public-use (NTRS 20120003776 copyright.determinationType=PUBLIC_USE_PERMITTED; checked 2026-09-26)
03_dv_propulsion,robbins_1991,robbins_1991_historical_perspective_NERVA_program_AIAA_JPC_NTRS_public_domain.pdf,7567931,6add815e7f5a7468338b1f934a92f6e354ebea195ce735c5fb047ee85a177f06,ntrs-public-use (NTRS 19910017902 copyright.determinationType=GOV_PUBLIC_USE_PERMITTED; checked 2026-09-26)
03_dv_propulsion,woodcock_byers_2003,stp_evaluation_saic_2003_ntrs.pdf,948770,d4198707baebca73a9e26d2d36105c291d2b894a3dbfc1cb82eb929caa75a4ca,ntrs-public-use (NTRS 20030068437 copyright.determinationType=GOV_PUBLIC_USE_PERMITTED; checked 2026-09-26)
03_dv_propulsion,boddy_1980,solar_rocket_system_concept_analysis_afpl_1980_ntrs.pdf,922932,d25da2aa288bb342f102ed7ec42e6040c0c99bd1c5ddb4966ec9df2d172f7ab2,ntrs-public-use (NTRS 19800022964 copyright.determinationType=GOV_PUBLIC_USE_PERMITTED; checked 2026-09-26)
03_dv_propulsion,cuffe_jacobs_1970,apollo_engine_altitude_isp_ratings_1970_ntrs.pdf,3118323,72d55eaf957f97bfb209092f5a0372627c2432b8c1ed57269675f157d58e6424,ntrs-public-use (NTRS 19700026467 copyright.determinationType=GOV_PUBLIC_USE_PERMITTED; checked 2026-09-26)
03_dv_propulsion,boyce_aj10_oral_history,aerojet_aj10_137_apollo_sps_oral_history_ntrs.pdf,3551842,68289578e422db4176397668a4f69ff1c5e02b5e0ab093059deb85f3305bbdfd,ntrs-public-use (NTRS 20100027319 copyright.determinationType=PUBLIC_USE_PERMITTED; checked 2026-09-26)
03_dv_propulsion,spores_2013,gpim_afm315e_propulsion_system_ntrs_20140012587.pdf,677978,787bb70149ab8483af8a35bedd8a65f55bbef2362b07fbe1534ac96fad0d57d1,ntrs-public-use (NTRS 20140012587 copyright.determinationType=PUBLIC_USE_PERMITTED; checked 2026-09-26)
03_dv_propulsion,asakawa_aquarius_onorbit_2024,asakawa_aquarius_onorbit_water_resistojet_2024_jstage.pdf,1891677,5219d84c3b74f83c03b7aca30f3ec02b6c994e7a9b3ba2f31c8cc5e3e56e82fd,cc-by 4.0 (licence statement in PDF p1; checked 2026-09-26)
03_dv_propulsion,hepp_landis_kubiak_1991_mars_co2,mars_co2_utilization_mars_fuels_nasa_tm103728.pdf,1097489,c4aee42852e72b4fe5684f114500c8e1901708f7d2403fb442adf86b5a8c3877,ntrs-public-use (NTRS 19910010702 copyright.determinationType=GOV_PUBLIC_USE_PERMITTED; checked 2026-09-26)
03_dv_propulsion,linne_1996_co_ox_ignition,co_ox_ignition_nasa_tm107267_aiaa_96_2943.pdf,920192,bc8feb3ae9f9fbd284dcb6f7247eee5252d96ba7a1a11c6b44495ad7a0795dcb,ntrs-public-use (NTRS 19960045922 copyright.determinationType=GOV_PUBLIC_USE_PERMITTED; checked 2026-09-26)
03_dv_propulsion,sp4029_apollo_by_the_numbers,sp-4029_apollo_by_the_numbers_statistical_reference_public_domain.pdf,36037981,2b8051684d39e0e8dfd914320908e3d67b3729b68ffc17d5ee96449fdeeb18af,ntrs-public-use (NTRS 20010008244 copyright.determinationType=GOV_PUBLIC_USE_PERMITTED; checked 2026-09-26)
03_dv_propulsion,dra5_2009_human_exploration_of_mars,nasa_sp-2009-566_human_exploration_of_mars_design_reference_architecture_5.0_public_domain.pdf,3881119,1b3f956984f527c73ef43d4da18a0207c56cfdc38dc2d84a0c158fb65b596833,ntrs-public-use (NTRS 20100028285 copyright.determinationType=GOV_PUBLIC_USE_PERMITTED; checked 2026-09-26)
03_dv_propulsion,qu_merrill_chai_aas19_225_hybrid_mars_e2e_optimization,qu_merrill_chai_aas19-225_end_to_end_optimization_mars_hybrid_transportation_preprint_NTRS_public_domain.pdf,419615,24ef1893c435df15ab66b057716683d4171c21449fc7cf558b9d851c1a55bafe,ntrs-public-use (NTRS 20200002738 copyright.determinationType=PUBLIC_USE_PERMITTED; checked 2026-09-26)
03_dv_propulsion,chai_merrill_pfrang_qu_aas19_226_landing_site_accessibility,chai_merrill_pfrang_qu_aas19-226_hybrid_transportation_landing_site_accessibility_preprint_NTRS_public_domain.pdf,1360994,be1fb4ad7c88d61c6a4c88234abe8e2eef01fd5c1004d1798c252417e6f9e685,ntrs-public-use (NTRS 20200002454 copyright.determinationType=PUBLIC_USE_PERMITTED; checked 2026-09-26)
03_dv_propulsion,whitley_martinez_2015_nro_staging_orbits,whitley_martinez_2015_options_for_staging_orbits_cislunar_space_ntrs_20150019648_publicdomain.pdf,4650016,9a1e798214076ddb904352e6ccec84d79490a25292ee345c324d15f08dcbf6a8,ntrs-public-use (NTRS 20150019648 copyright.determinationType=GOV_PUBLIC_USE_PERMITTED; checked 2026-09-26)
04_launch_economics,hf_dataset,juliensimon_launch-cost-to-leo_dataset.parquet,9273,9c2c0e142780c9788d516378518bf2df719b8d29ccd41362f2ad895370d96001,cc-by 4.0 (Hugging Face dataset card licence field; checked 2026-09-26)
04_launch_economics,jones2018,ntrs_2020_recent_large_reduction_in_space_launch_cost.pdf,304825,20f015bada4f451c73fb36111bd523e44218f779f08651797da639fc9c4b63b1,ntrs-public-use (NTRS 20200001093 copyright.determinationType=GOV_PUBLIC_USE_PERMITTED; checked 2026-09-26)
04_launch_economics,terzi_nicoli_2026,terzi_nicoli_2026_from_sputnik_to_starship_experience_curve_PNAS_Nexus_pgag217_CC-BY.pdf,586444,6a22ef78be433798c381d4fbe091716b94589df2f7c93b96084f85ea3eee3f2c,cc-by 4.0 (licence statement in PDF p2; checked 2026-09-26)
04_launch_economics,yun_2023,yun_2023_development_trends_reusable_launch_vehicles_KSPE_CC-BY-NC.pdf,3474254,2f50f1c9ae5e67947f9673d2c92fefbcb7817e46eed6ff5f38c1d998bafcfbc9,cc-by-nc 3.0 (licence statement in PDF p1; checked 2026-09-26)
04_launch_economics,askins_2021_sls_janaff_update,sls_block_capabilities_ntrs_20210016306.pdf,8140185,84a853b72c8856472e1fe94ee456da022f16b33f0aa4848292fda6873e4531eb,ntrs-public-use (NTRS 20210016306 copyright.determinationType=GOV_PUBLIC_USE_PERMITTED; checked 2026-09-26)
04_launch_economics,nasa_esd30000_sls_mission_planners_guide,sls_mission_planners_guide_esd30000_ntrs_20190000736.pdf,7775698,2306bf7b02ef075f77fa739b0826854962531e8c5bd7ca7d25e48ef6eb8239a3,ntrs-public-use (NTRS 20190000736 copyright.determinationType=PUBLIC_USE_PERMITTED; checked 2026-09-26)
04_launch_economics,zapata_2017_cots_crs_lcc_assessment,zapata_2017_cots_crs_lcc_assessment_ntrs_20170008895_public_domain.pdf,1509500,95a89d24f5acd2035a7a9d6a802e7b231ce7e98e51c9ef11801c9ce25f837f8b,ntrs-public-use (NTRS 20170008895 copyright.determinationType=GOV_PUBLIC_USE_PERMITTED; checked 2026-09-26)
04_launch_economics,webb_2016_is_it_worth_it_reusable_econ,webb_2016_is_it_worth_it_reusable_econ_ntrs_20160013370_public_domain.pdf,676462,ebeda8f3df8fda8aeb50c45296fad33f1de1aba958b3139bbdb047662ae931ff,ntrs-public-use (NTRS 20160013370 copyright.determinationType=PUBLIC_USE_PERMITTED; checked 2026-09-26)
04_launch_economics,zapata_2017_state_of_play_us_space_systems,zapata_2017_state_of_play_us_space_systems_ntrs_20170009967.pdf,2081041,1fd4ec4befd3e3a1cbc33b3333015924e06cdef1f243fdac945e8f9a19038881,ntrs-public-use (NTRS 20170009967 copyright.determinationType=GOV_PUBLIC_USE_PERMITTED; checked 2026-09-26)
04_launch_economics,nasa_oig_2021_ig-22-003_artemis_missions,nasa_oig_2021_ig-22-003_artemis_missions.pdf,9941240,dc885a69ef1280637aaaa3ec7f4a2a90d6dd51afe65569c920166d628c1dde1e,public-domain (US government work)
04_launch_economics,nasa_oig_2023_ig-24-001_sls_epoc_transition,nasa_oig_2023_ig-24-001_sls_epoc_transition.pdf,1849898,c943d8da528561e3a38daebcacb1b9b583b32565e90365e8d7721afec8e2d455,public-domain (US government work)
04_launch_economics,nasa_oig_2020_ig-20-012_sls_program_costs_contracts,nasa_oig_2020_ig-20-012_sls_program_costs_contracts.pdf,4980673,19924307a640d3789c7f5d4e0684b217877094913227e2b300b94da4c9d272b6,public-domain (US government work)
04_launch_economics,nasa_oig_2023_ig-23-015_booster_engine_contracts,nasa_oig_2023_ig-23-015_booster_engine_contracts.pdf,3484452,39566300562992b1655c5add8e845bb247b0b1866814c7fd3960e55b1457a243,public-domain (US government work)
04_launch_economics,nasa_oig_2022_ct-2022-01_artemis_status_testimony,nasa_oig_2022_ct-2022-01_artemis_status_testimony.pdf,352541,d1c1983b86ddb8a95148d0a5995b3274f3dbf35e1b6bc7d428b38adfacf759b5,public-domain (US government work)
05_inspace_operations,zero_bo_off_2025,zero_boil_off_LH2_transfer_strategies_arxiv2512.04609.pdf,1603068,01c57de49ffcefba3014c99e813466e83fcda434ff55e948189306b856240cc6,cc-by 4.0 (arXiv:2512.04609 abs page; checked 2026-09-26)
05_inspace_operations,kleinhenz_2016,kleinhenz_paulsen_zacny_2016_regolith_volatile_recovery_ntrs_20160010281_publicdomain.pdf,1575826,db5b0bf50b60149cbfbfc03b76d66e7a5838e495683af29588a712a2c07b930f,ntrs-public-use (NTRS 20160010281 copyright.determinationType=PUBLIC_USE_PERMITTED; checked 2026-09-26)
05_inspace_operations,kleinhenz_2018,kleinhenz_smith_zacny_2018_volatiles_loss_water_regolith_ntrs_20180005235_publicdomain.pdf,1532819,29667b212e6361caf261230be9ed7de10ac7b6f1b5e14e12c9bb9af2455c69c8,ntrs-public-use (NTRS 20180005235 copyright.determinationType=PUBLIC_USE_PERMITTED; checked 2026-09-26)
05_inspace_operations,carlson_2024,carlson_andersen_collins_2024_ISRU_lunar_water_processing_SIMA_ntrs_20240007647_publicdomain.pdf,1162599,eb44015b9526674ee617498655ea818294f509db160402b29b505f65ec950f73,ntrs-public-use (NTRS 20240007647 copyright.determinationType=PUBLIC_USE_PERMITTED; checked 2026-09-26)
05_inspace_operations,ambrosi_2019,ambrosi_et_al_2019_european_RTG_RHU_space_science_exploration_spacescirev_215-55_CC-BY4.0.pdf,6175238,21fcf911f73522bf654c522cccea3f4df28fec39342ba91bb5bb0d6155be1715,cc-by 4.0 (Open Access statement in PDF; checked 2026-09-26)
05_inspace_operations,hoffman_2000,hoffman_kerslake_hepp_jacobs_ponnusamy_2000_thin-film_PV_solar_array_parametric_assessment_NASA_TM-2000-210342_AIAA-2000-2919_publicdomain.pdf,1052517,a2d0682a044d45a5157846c23ac588cad1c82ac9db8fb50ecb52a7106d9a78b1,ntrs-public-use (NTRS 20000081753 copyright.determinationType=GOV_PUBLIC_USE_PERMITTED; checked 2026-09-26)
05_inspace_operations,ali_2023,ali_beltran_lindsey_pecht_2023_li-ion_calendar_aging_long-term_space_missions_frontiers_energy_research_CC-BY.pdf,1958894,92f3b457b0883da5e67979c1e5ee2b07306b741df84ba65facf6055bbd1724c6,cc-by (licence statement in PDF p1; checked 2026-09-26)
19_asteroid_excavation_beneficiation,zeng_2007,zeng_2007_excavation_force.pdf,239036,40815c3294b8657b35e7a3d687c6ca132f7bf22e21014569d4f7e4f41df065e5,ntrs-public-use (NTRS 20070018151 copyright.determinationType=GOV_PUBLIC_USE_PERMITTED; checked 2026-09-26)
05_inspace_operations,nugent_2022_rtb_cryocooler_test,nugent_grotenrath_johnson_2022_20W_20K_reverse_turbo_Brayton_cryocooler_testing_ntrs_20220009350_publicdomain.pdf,619020,1c4c20ce1f131e1792192bf291858557e154189625d6d8329a6b815eb6ebd3b0,ntrs-public-use (NTRS 20220009350 copyright.determinationType=GOV_PUBLIC_USE_PERMITTED; checked 2026-09-26)
05_inspace_operations,hastings_2010_lht_zbo_demonstration,hastings_et_al_2010_large_scale_LH2_storage_zero_boiloff_MHTB_NASA_TP-2010-216453_ntrs_20110004377_publicdomain.pdf,7344702,b0d37a9b91bbecd78343adb69f1010077ff45f4f0945a28eb74d3e2544603a6e,ntrs-public-use (NTRS 20110004377 copyright.determinationType=PUBLIC_USE_PERMITTED; checked 2026-09-26)
05_inspace_operations,plachta_2017_cryo_zbo_goals,plachta_stephens_johnson_zagarola_deserranno_2017_NASA_cryocooler_developments_ZBO_goals_ntrs_20180004709_publicdomain.pdf,858851,b7dadfd4961f8387376c20258141d50ac273687699cc08cd9dfbbacbc45d3a8d,ntrs-public-use (NTRS 20180004709 copyright.determinationType=PUBLIC_USE_PERMITTED; checked 2026-09-26)
21_mass_cost_estimating_relationships,stackpoole_2013_pica_pica_x_postflight_eval,pica_pica_x_stardust_dragon_postflight_eval_ntrs_20140005558_publicdomain.pdf,386244,43f0a80b21942f3ec7b448ddf9bfa3c552404d61c76e1be16a0a29bc8d56c59d,ntrs-public-use (NTRS 20140005558 copyright.determinationType=PUBLIC_USE_PERMITTED; checked 2026-09-26)
06_commodity_market_pricing,worldbank_cmo_pink_sheet,worldbank_cmo_pink_sheet_historical_monthly_prices_1960-2026_public_domain.xlsx,586735,9fdcfa8a2aed9a1bb545a10c1a5ce036c6a0acd4766f450424ca800b4b5a0225,cc-by 4.0 (World Bank Data Catalog terms; not re-checked from this machine)
06_commodity_market_pricing,worldbank_cmo_pink_sheet,worldbank_cmo_pink_sheet_september_2026_report_public_domain.pdf,238929,7f5bb6b819c49dc79bb07a3669f443ee1e92787477f7d0399185f96b4f75e437,cc-by 4.0 (World Bank Data Catalog terms; not re-checked from this machine)
07_mission_program_costs,nasa_oig_2020_ig-20-023_planetary_science_portfolio,nasa_oig_2020_ig-20-023_planetary_science_portfolio.pdf,5347802,7c95abce22c2b8778756e16387132ba9505ece7f3ab53850c25d247cae7de95f,public-domain (US government work)
07_mission_program_costs,nasa_oig_2024_ig-24-008_mars_sample_return_audit,nasa_oig_2024_ig-24-008_mars_sample_return_audit.pdf,6507784,225ade6f58155d458a5ec1e96cdf25d14104d86dfe3f567c7fdcba640ed8ef28,public-domain (US government work)
07_mission_program_costs,nasa_fy2027_budget_estimates,nasa_fy2027_budget_estimates.pdf,10209461,19304ffc1317c0189d7bf494f9021337f2f0729e87d68584d2e69407b579870f,public-domain (US government work)
09_delivery_mass_fractions_edl_survival,edquist_2022_mars2020_aerothermal_entry_masses,ntrs_20210024709_mars2020_aerothermal_entry_masses_edquist.pdf,2017156,dc21347266b62318701bd3a7628b84b63d3fdcbb259e1da5350f89a14ea95508,ntrs-public-use (NTRS 20210024709 copyright.determinationType=PUBLIC_USE_PERMITTED; checked 2026-09-26)
09_delivery_mass_fractions_edl_survival,nasa_mars2020_flight_mech_edl_simulation,ntrs_20210024480_mars2020_flight_mech_edl_simulation.pdf,18459209,ec6a6d431aca1e5e65b6a6fc1e9e8589a1c421fe5f5b784a0b6e8c3cb108da76,ntrs-public-use (NTRS 20210024480 copyright.determinationType=GOV_PUBLIC_USE_PERMITTED; checked 2026-09-26)
10_launch_vehicle_engine_hardware,baumeister_2015_rl10_atlas_to_shuttle_centaur,rl10_atlas_to_shuttle_centaur_nasa_tm_2015_218736.pdf,7590418,2c9bc9077ae14778195198c8933a0b2d62aba8255561c280592300b6064e2469,ntrs-public-use (NTRS 20150008246 copyright.determinationType=GOV_PUBLIC_USE_PERMITTED; checked 2026-09-26)
10_launch_vehicle_engine_hardware,vetcha_2018_rs25_adaptation_hotfire_sls,rs25_adaptation_hotfire_sls_vetcha_2018.pdf,781722,273c1daa8e4a62ed816aa09cb057d38e722410c6a682a1751b24f377b4c78a2c,ntrs-public-use (NTRS 20180006338 copyright.determinationType=PUBLIC_USE_PERMITTED; checked 2026-09-26)
10_launch_vehicle_engine_hardware,ballard_2017_rs25_nextgen_sls,rs25_nextgen_sls_ballard_2017.pdf,642228,2d0776c3aae786c699d1d2000f57d75f4371c326134cfb1699bc5f8e3f1952cc,ntrs-public-use (NTRS 20170008958 copyright.determinationType=GOV_PUBLIC_USE_PERMITTED; checked 2026-09-26)
10_launch_vehicle_engine_hardware,nerva_development_status_1968,nerva_development_status_1968.pdf,791943,4cbb6f8ebd1754b72179cddd239fad724d86752c745ca3b97e61cd0ee1def9fb,ntrs-public-use (NTRS 19700004945 copyright.determinationType=GOV_PUBLIC_USE_PERMITTED; checked 2026-09-26)
10_launch_vehicle_engine_hardware,nerva_program_status_1968,nerva_program_status_1968.pdf,17861433,d9e5f908a2f9d43c47010798717427d0aaaa60cf19d6174bda126af97aeb9f4c,ntrs-public-use (NTRS 19680011933 copyright.determinationType=GOV_PUBLIC_USE_PERMITTED; checked 2026-09-26)
11_spacecraft_power_electric_propulsion,thomas_2025_advanced_next_iepc,ntrs_20250008559_advanced_next_iepc_performance_metrics.pdf,996271,703c98b7f7e4a9ffe320c1ac244186cb18fface75942c26d1fea78c1eaf7a7ef,ntrs-public-use (NTRS 20250008559 copyright.determinationType=PUBLIC_USE_PERMITTED; checked 2026-09-26)
11_spacecraft_power_electric_propulsion,shastry_2024_aeps_hall_qualification_production,ntrs_20240006249_aeps_hall_qualification_production_status.pdf,1541573,d734f0570b2fc5a8d691fbbed1fb43e78cb3c5cf131923e9eb307df1ce36895a,ntrs-public-use (NTRS 20240006249 copyright.determinationType=GOV_PERMITTED; checked 2026-09-26)
11_spacecraft_power_electric_propulsion,frieman_2021_aeps_etu2_extended_characterization,ntrs_20210017834_aeps_etu2_extended_characterization.pdf,1001401,64e30b9fb9169967bdaa0f2ccd6b226ef4307f98347d21715e6683048d88b37f,ntrs-public-use (NTRS 20210017834 copyright.determinationType=PUBLIC_USE_PERMITTED; checked 2026-09-26)
11_spacecraft_power_electric_propulsion,schmitz_2023_rps_vs_solar_array_comparison,ntrs_20230001487_rps_vs_solar_array_comparison_ieee_aerospace.pdf,2071834,a316604e8110e16847b48646116d1a59d926929392dbd311df366b95d0155f45,ntrs-public-use (NTRS 20230001487 copyright.determinationType=PUBLIC_USE_PERMITTED; checked 2026-09-26)
11_spacecraft_power_electric_propulsion,nasa_oig_2017_ig-17-009_mars2020_project,nasa_oig_2017_ig-17-009_mars2020_project.pdf,2648038,95914ab68fe2734ea16b9f8d387aeb530c5c56856bf2f93a41dc472981cac7f0,public-domain (US government work)
11_spacecraft_power_electric_propulsion,nasa_oig_2023_ig-23-010_rps_program_management,nasa_oig_2023_ig-23-010_rps_program_management.pdf,10567103,0a2ad34af8826b7203c6e36d3215f700a995f398ed1d656bd11193e290c9dec3,public-domain (US government work)
11_spacecraft_power_electric_propulsion,nasa_oig_2020_ig-21-004_gateway_program_management,nasa_oig_2020_ig-21-004_gateway_program_management.pdf,2263909,0130231203e0fcdfcb3e0ca8c2e964476bba6c7714293be041a56221b3904b90,public-domain (US government work)
11_spacecraft_power_electric_propulsion,nasa_oig_2023_ig-24-003_artemis_supply_chain,nasa_oig_2023_ig-24-003_artemis_supply_chain.pdf,3851907,8ffc9525c33331eb8cde7c4d9c4a82c9ba5f67804174c80185c7f1984bcbcf07,public-domain (US government work)
11_spacecraft_power_electric_propulsion,nasa_fy2025_budget_request_congressional_justification,nasa_fy2025_budget_request_congressional_justification.pdf,29994339,222271ccb7ef6030a97b53a609ac44fb82d848655310127bb2a54f545ef1ea37,public-domain (US government work)
24_aerocapture_aerobraking,lyons_1999_magellan_mgs_aerobraking_comparison,lyons_magellan_mgs_aerobraking_ntrs20000057306.pdf,161139,28bf68f576ccfa56b27804c44928bd562110ddbb650a28a7a1e6fe7809bcfa0c,ntrs-public-use (NTRS 20000057306 copyright.determinationType=GOV_PUBLIC_USE_PERMITTED; checked 2026-09-27)
24_aerocapture_aerobraking,long_2007_mro_aerobraking_daily_ops,long_et_al_2007_mro_aerobraking_daily_ops_issfd20_ntrs20080012690.pdf,574788,a68183d07e8e1edb2353bb09bf6d9a0d4e37a3ff9076fa96b7623d047659b564,ntrs-public-use (NTRS 20080012690 copyright.determinationType=PUBLIC_USE_PERMITTED; checked 2026-09-27)
24_aerocapture_aerobraking,prince_striepe_2007_mro_aerobraking_phase_assessment,prince_striepe_2007_mro_aerobraking_phase_assessment_aas07-244_ntrs20070010460.pdf,1598528,46df6bdc7ea1763845d1d7c5e9bc83b2219b44f16262a5ba07f8a1c2be1f4957,ntrs-public-use (NTRS 20070010460 copyright.determinationType=GOV_PUBLIC_USE_PERMITTED; checked 2026-09-27)
24_aerocapture_aerobraking,morgan_2026_arrival_earth_aerocapture_tps,morgan_et_al_2026_arrival_earth_aerocapture_tps_ntrs20250011223.pdf,7313224,b0354249f092b263147ab1c39cfb81b5cb3fd8b37d044a22aca97eb932d03924,ntrs-public-use (NTRS 20250011223 copyright.determinationType=PUBLIC_USE_PERMITTED; checked 2026-09-27)
24_aerocapture_aerobraking,lugo_2023_smallsat_venus_aerocapture_performance,lugo_et_al_2023_smallsat_venus_aerocapture_ntrs20220017426.pdf,1509297,ffd243944e3789d0e21204dcbbcf2df3cef66f19a1bb7e8b18b4523f5dadab1e,ntrs-public-use (NTRS 20220017426 copyright.determinationType=PUBLIC_USE_PERMITTED; checked 2026-09-27)
24_aerocapture_aerobraking,dauro_1987_aerobraking_principles,dauro_1987_aerobraking_principles_n87-17724_ntrs19870008291.pdf,399719,0cb58b904b245f04c24ed4e23359376a17a3c6e7db78d7d47ba97e2213bbc2b8,ntrs-public-use (NTRS 19870008291 copyright.determinationType=GOV_PUBLIC_USE_PERMITTED; checked 2026-09-27)
24_aerocapture_aerobraking,hanna_autonomous_aerobraking_mars_preprint,hanna_et_al_autonomous_aerobraking_at_mars_preprint_ntrs20030014800.pdf,796832,141b073725020b2a506ae8419b2f0364ffc8c18a6ce8c353e7038d6c3898db7f,ntrs-public-use (NTRS 20030014800 copyright.determinationType=PUBLIC_USE_PERMITTED; checked 2026-09-27)
15_inspace_demand_market_absorption,lynch_2024_iss_logistics_mass_and_crew_time,lynch_et_al_2024_iss_logistics_mass_and_crew_time_ntrs20240005648.pdf,619638,dc69db5c000a488bd89827780ed392a0dfad6d3cb439df04a2e8f5d9db7e8ab8,ntrs-public-use (NTRS 20240005648 copyright.determinationType=PUBLIC_USE_PERMITTED; checked 2026-09-28)
15_inspace_demand_market_absorption,tiffin_friz_2022_space_superhighway_systems_analysis,tiffin_friz_2022_space_superhighway_systems_analysis_ascend_ntrs20220013397.pdf,1001923,e576a993fcee4cec06ef66893b68abe54ce35929bbb35587bd2ebc1dda3022f5,ntrs-public-use (NTRS 20220013397 copyright.determinationType=GOV_PUBLIC_USE_PERMITTED; checked 2026-09-28)
15_inspace_demand_market_absorption,chu_2006_goes_r_stationkeeping_momentum_management,chu_et_al_2006_goes_r_stationkeeping_momentum_mgmt_aas_ntrs20060012315.pdf,2162626,db4bd6f0100ed4efb20d55b6f2c661add68434927ebef61eac608ce2adf19e62,ntrs-public-use (NTRS 20060012315 copyright.determinationType=PUBLIC_USE_PERMITTED; checked 2026-09-28)
15_inspace_demand_market_absorption,lynch_et_al_2023_logistics_rates_beyond_leo,lynch_et_al_2023_logistics_rates_and_assumptions_beyond_leo_ascend_ntrs20230012635.pdf,502521,a8ca296bb57dbbff83960368f404f0b5fcbf6f490c7fb9dea90572b72e38881a,ntrs-public-use (NTRS 20230012635 copyright.determinationType=PUBLIC_USE_PERMITTED; checked 2026-09-28)
25_net_smelter_return_refining_terms,usgs_mcs2026_nickel_chapter,usgs_mcs2026_nickel_chapter.pdf,142529,70aab7644bc8b43fb9eef4d3a3e007186a9be6958dd476e3747a96e3c9d5de3c,public-domain (US government work; USGS MCS chapter pulled live from pubs.usgs.gov this machine)
25_net_smelter_return_refining_terms,usgs_mcs2026_platinum_group_chapter,usgs_mcs2026_platinum_group_chapter.pdf,141354,e28369fb9be476bb46e1d7eee3d9d6ef184985db4c7b05b0c145e383b88fd35d,public-domain (US government work; USGS MCS chapter pulled live from pubs.usgs.gov this machine)
25_net_smelter_return_refining_terms,usgs_mcs2026_iron_steel_scrap_chapter,usgs_mcs2026_iron_steel_scrap_chapter.pdf,117598,896ceee87a61fcb21ed43d3fc34b24671bc2e760400d5a589209b03b0c61d8b3,public-domain (US government work; USGS MCS chapter pulled live from pubs.usgs.gov this machine)
25_net_smelter_return_refining_terms,usgs_mcs2026_cobalt_chapter,usgs_mcs2026_cobalt_chapter.pdf,140201,cdfe86c808872800d8877b8af4a16d67822939a995b73960b419b2ceedb39fb3,public-domain (US government work; USGS MCS chapter pulled live from pubs.usgs.gov this machine)
25_net_smelter_return_refining_terms,gertsch_1993_asteroid_mining_jsc,gertsch_1993_asteroid_mining_jsc_ntrs19930007695.pdf,455237,23e231d0acd526d86f9282d44163004237c2b5d2ae0bf4f8e88e17c4af317f04,ntrs-public-use (NTRS 19930007695 copyright.determinationType=GOV_PUBLIC_USE_PERMITTED; checked 2026-09-28)
06_commodity_market_pricing,usgs_mineral_commodity_summaries_2026,usgs_mineral_commodity_summaries_2026_full_report.pdf,17646709,595e6e66674236dea40125a03eb1ea6b347f331c0bcf3411a1e77eba53c0d391,public-domain (US government work; full MCS 2026 report v1.3 pulled live from pubs.usgs.gov this machine)
03_dv_propulsion,woodcock_dankanich_2006_sep_applications_near_earth,woodcock_dankanich_2006_sep_applications_ntrs20160008988.pdf,9241303,d61a2d9ed0a199238876a13edcd2ecaad62be206631e62a6966119d35e92ba42,ntrs-public-use (NTRS 20160008988 copyright.determinationType=PUBLIC_USE_PERMITTED; checked 2026-09-29)
03_dv_propulsion,sjauw_mcguire_freeh_2016_hat_emc_cargo_mars_sep,sjauw_mcguire_freeh_2016_hat_emc_cargo_ntrs20160010261.pdf,1218204,21833d8265dee69a1660fabdd002b04cf59b8c0b541d3b41265a4de10934ed12,ntrs-public-use (NTRS 20160010261 copyright.determinationType=GOV_PUBLIC_USE_PERMITTED; checked 2026-09-29)
03_dv_propulsion,johnson_castillo_rogez_dervan_mcnutt_2017_nea_scout,johnson_castillo_rogez_dervan_mcnutt_2017_nea_scout_ntrs20170001499.pdf,329707,5329d1c4f669f0ea89d27b72c81dce270eb6772d4e2a94b9da6076a8c418f6ea,ntrs-public-use (NTRS 20170001499 copyright.determinationType=PUBLIC_USE_PERMITTED; checked 2026-09-29)
06_commodity_market_pricing,usgs_mineral_commodity_summaries_2025,usgs_mineral_commodity_summaries_2025_full_report_v1.2.pdf,10431998,4b3e4e00ed65365efb7b1f14c7c2f94b7005d4924e52cfb370cd2a8cd256d7e4,public-domain (US government work; full MCS 2025 report v1.2 pulled live from pubs.usgs.gov this machine)
11_spacecraft_power_electric_propulsion,nasa_fy2026_budget_request_technical_supplement,nasa_fy2026_budget_request_technical_supplement.pdf,15533534,fa1d66cf055c79a9b64ee372a622738199af43d21b36a8b33bca7327283d0117,public-domain (US government work; FY 2026 Budget Technical Supplement pulled live from nasa.gov this machine)
11_spacecraft_power_electric_propulsion,nasa_fy2026_spending_plan_pl11974,nasa_fy2026_spending_plan_pl11974.pdf,102371,d4ba8f7d81107bb99eb309905dac306b2f2a4d7d01e9dd9198cf8b249c57a807,public-domain (US government work; FY 2026 spending plan for PL 119-74 pulled live from nasa.gov this machine)
15_inspace_demand_market_absorption,birch_2026_roxy_pilot_plant_economics,birch_seidel_johnson_pohle_pal_2026_roxy_pilot_plant_economics.pdf,1746072,dff2fe243fd3370a1c77e734117028986b2ab7763f7f3afed1a379a86d762281,cc-by (CC BY licence stated on p.1 of the PDF; MDPI Aerospace)
15_inspace_demand_market_absorption,steinert_2024_lunar_depot_flight_cost_location,steinert_zabel_quantius_2024_lunar_depot_flight_cost_location.pdf,3774208,ff6beb1dff742fe0103f100dab2fce7d4d018ca648a8f16cc729409cc4750b4d,cc-by (CC BY licence stated in the PDF copyright block; Frontiers in Space Technologies)
15_inspace_demand_market_absorption,northrop_grumman_2024_luna10_lunar_rail_network,northrop_grumman_2024_luna10_lunar_rail_network_infrastructure_study.pdf,2302904,d978b75334f77560d79c1a954761c3d6e1c7149a230fd4a597f92e0f50d1290c,"public-domain (DARPA LunA-10 study c 2024 Northrop Grumman; p.1 Distribution Statement A: Approved for Public Release, Distribution Unlimited NG24-0751)"
20_mission_operations_communications,nasa_oig_2023_ig-23-016_dsn_audit,nasa_oig_2023_ig-23-016_dsn_audit.pdf,2765356,dbb77d6c39235193439694e98ba2e7c595d3c3db332116c9bab0973d87f72043,public-domain (US government work)
20_mission_operations_communications,nasa_oig_2015_ig-15-013_dsn_management,nasa_oig_2015_ig-15-013_dsn_management.pdf,4648735,1ecee3ecd597a876c4714aa81d1ba66b362b65c0f92627cf42959afe1f524694,public-domain (US government work)
