source_id,number,designation,dynamical_class,taxonomy_demeo,meteorite_analog,mass_kg,mass_err_kg,mass_figure,diameter_km,diameter_err_km,diameter_figure,density_gcm3,density_err_gcm3,macroporosity_pct,macroporosity_err_pct,rank,density_from_printed_M_and_diameter_gcm3,location_in_source,notes
carry2012,1,Ceres,MBA,C,CM,9.44e+20,6.00e+18,A.1,944.79,22.99,B.1,2.13,0.15,4,7,A,2.138,PDF p20 Table 1,"R71: read from the PDF restored from git 5dd58d5, 2026-09-27"
carry2012,2,Pallas,MBA,B,CK,2.04e+20,4.00e+18,A.2,514.41,19.12,B.2,2.86,0.32,0,11,A,2.862,PDF p20 Table 1,"taxonomy/analog from Clark et al. 2010; R71: read from the PDF restored from git 5dd58d5, 2026-09-27"
carry2012,3,Juno,MBA,Sq,OC,2.73e+19,2.90e+18,A.3,241.79,10.58,B.3,3.68,0.62,0,16,A,3.688,PDF p20 Table 1,"R71: read from the PDF restored from git 5dd58d5, 2026-09-27"
carry2012,4,Vesta,MBA,V,HED,2.63e+20,5.00e+18,A.4,519.33,6.84,B.4,3.58,0.15,0,4,A,3.586,PDF p20 Table 1,"R71: read from the PDF restored from git 5dd58d5, 2026-09-27"
carry2012,5,Astraea,MBA,S,OC,2.64e+18,4.40e+17,A.5,113.41,3.53,B.5,3.45,0.66,0,19,B,3.457,PDF p20 Table 1,"R71: read from the PDF restored from git 5dd58d5, 2026-09-27"
carry2012,6,Hebe,MBA,S,OC,1.39e+19,1.00e+18,A.6,190.92,7.15,B.6,3.81,0.50,0,13,A,3.815,PDF p20 Table 1,"R71: read from the PDF restored from git 5dd58d5, 2026-09-27"
carry2012,7,Iris,MBA,S,OC,1.29e+19,2.10e+18,A.7,225.89,25.94,B.7,2.14,0.81,35,38,C,2.137,PDF p20 Table 1,"R71: read from the PDF restored from git 5dd58d5, 2026-09-27"
carry2012,8,Flora,MBA,S,OC,9.17e+18,1.75e+18,A.8,139.12,2.26,B.8,6.50,1.28,0,19,X,6.504,PDF p20 Table 1,"rank printed as a cross: the paper tags this density as unrealistic; R71: read from the PDF restored from git 5dd58d5, 2026-09-27"
carry2012,9,Metis,MBA,S,OC,8.39e+18,1.67e+18,A.9,164.46,7.67,B.9,3.60,0.87,0,24,C,3.602,PDF p20 Table 1,"R71: read from the PDF restored from git 5dd58d5, 2026-09-27"
carry2012,10,Hygiea,MBA,C,CM,8.63e+19,5.20e+18,A.10,421.60,25.69,B.10,2.19,0.42,2,19,A,2.199,PDF p20 Table 1,"R71: read from the PDF restored from git 5dd58d5, 2026-09-27"
carry2012,11,Parthenope,MBA,Sq,OC,5.91e+18,4.50e+17,A.11,151.07,5.11,B.11,3.27,0.41,1,12,A,3.274,PDF p20 Table 1,"R71: read from the PDF restored from git 5dd58d5, 2026-09-27"
carry2012,12,Victoria,MBA,L,CO,2.45e+18,4.60e+17,A.12,124.09,8.31,B.12,2.45,0.67,19,27,C,2.449,PDF p20 Table 1,"R71: read from the PDF restored from git 5dd58d5, 2026-09-27"
carry2012,13,Egeria,MBA,Ch,CM,8.82e+18,4.25e+18,A.13,214.73,11.53,B.13,1.70,0.86,24,50,D,1.701,PDF p20 Table 1,"R71: read from the PDF restored from git 5dd58d5, 2026-09-27"
carry2012,14,Irene,MBA,S,OC,2.91e+18,1.88e+18,A.14,147.75,5.03,B.14,1.72,1.12,48,65,D,1.723,PDF p20 Table 1,"R71: read from the PDF restored from git 5dd58d5, 2026-09-27"
carry2012,15,Eunomia,MBA,K,CV,3.14e+19,1.80e+18,A.15,256.63,1.04,B.15,3.54,0.20,0,5,B,3.548,PDF p20 Table 1,"R71: read from the PDF restored from git 5dd58d5, 2026-09-27"
carry2012,16,Psyche,MBA,Xk,Ata,2.72e+19,7.50e+18,A.16,248.45,17.13,B.16,3.38,1.16,15,34,C,3.387,PDF p20 Table 1,"taxonomy/analog from Ockert-Bell et al. 2010; R71: read from the PDF restored from git 5dd58d5, 2026-09-27"
carry2012,17,Thetis,MBA,S,OC,1.33e+18,1.20e+17,A.17,82.76,8.79,B.17,4.48,1.48,0,33,C,4.481,PDF p20 Table 1,"R71: read from the PDF restored from git 5dd58d5, 2026-09-27"
carry2012,18,Melpomene,MBA,S,OC,3.22e+18,1.28e+18,A.18,141.72,4.86,B.18,2.15,0.88,35,41,C,2.161,PDF p20 Table 1,"R71: read from the PDF restored from git 5dd58d5, 2026-09-27"
carry2012,19,Fortuna,MBA,Ch,CM,8.60e+18,1.46e+18,A.19,206.90,6.49,B.19,1.85,0.35,17,19,A,1.854,PDF p20 Table 1,"R71: read from the PDF restored from git 5dd58d5, 2026-09-27"
carry2012,20,Massalia,MBA,S,OC,5.00e+18,1.04e+18,A.20,136.99,8.82,B.20,3.71,1.05,0,28,C,3.715,PDF p20 Table 1,"R71: read from the PDF restored from git 5dd58d5, 2026-09-27"
carry2012,21,Lutetia,MBA,Xk,EH,1.70e+18,1.00e+16,A.21,98.00,5.00,B.21,3.44,0.52,0,15,A,3.450,PDF p20 Table 1,"taxonomy/analog from Ockert-Bell et al. 2010; R71: read from the PDF restored from git 5dd58d5, 2026-09-27"
carry2012,22,Kalliope,MBA,X,Ata,7.96e+18,3.10e+17,A.22,170.23,10.46,B.22,3.08,0.58,23,18,B,3.082,PDF p20 Table 1,"taxonomy/analog from Ockert-Bell et al. 2010; R71: read from the PDF restored from git 5dd58d5, 2026-09-27"
carry2012,23,Thalia,MBA,S,OC,1.96e+18,9.00e+16,A.23,106.81,3.23,B.23,3.07,0.31,7,10,B,3.072,PDF p20 Table 1,"R71: read from the PDF restored from git 5dd58d5, 2026-09-27"
carry2012,24,Themis,MBA,C,CM,5.89e+18,1.91e+18,A.24,183.84,11.40,B.24,1.81,0.67,19,37,C,1.810,PDF p20 Table 1,"taxonomy/analog from Clark et al. 2010; R71: read from the PDF restored from git 5dd58d5, 2026-09-27"
carry2012,25,Phocaea,MBA,S,OC,5.99e+17,6.00e+16,A.25,80.19,4.66,B.25,2.21,0.44,33,20,C,2.219,PDF p20 Table 1,"R71: read from the PDF restored from git 5dd58d5, 2026-09-27"
carry2012,26,Proserpina,MBA,S,OC,7.48e+17,8.95e+17,,89.63,3.55,B.26,1.98,2.38,40,∞,E,1.984,PDF p20 Table 1,"R71: read from the PDF restored from git 5dd58d5, 2026-09-27"
carry2012,27,Euterpe,MBA,S,OC,1.67e+18,1.01e+18,A.26,105.80,7.23,B.27,2.69,1.71,19,63,D,2.693,PDF p20 Table 1,"R71: read from the PDF restored from git 5dd58d5, 2026-09-27"
carry2012,28,Bellona,MBA,S,OC,2.62e+18,1.50e+17,A.27,108.10,11.49,B.28,3.95,1.28,0,32,C,3.961,PDF p20 Table 1,"R71: read from the PDF restored from git 5dd58d5, 2026-09-27"
carry2012,29,Amphitrite,MBA,S,OC,1.29e+19,2.00e+18,A.28,217.59,10.71,B.29,2.38,0.51,28,21,C,2.392,PDF p20 Table 1,"R71: read from the PDF restored from git 5dd58d5, 2026-09-27"
carry2012,30,Urania,MBA,S,OC,1.74e+18,4.90e+17,A.29,94.48,5.37,B.30,3.92,1.29,0,32,C,3.940,PDF p20 Table 1,"R71: read from the PDF restored from git 5dd58d5, 2026-09-27"
carry2012,31,Euphrosyne,MBA,C,CM,1.27e+19,6.50e+18,A.30,272.92,8.85,B.31,1.18,0.61,47,52,D,1.193,PDF p20 Table 1,"R71: read from the PDF restored from git 5dd58d5, 2026-09-27"
carry2012,33,Polyhymnia,MBA,S,OC,6.20e+18,7.40e+17,,53.98,0.91,,75.28,9.71,0,12,X,75.283,PDF p20 Table 1,"rank printed as a cross: the paper tags this density as unrealistic; R71: read from the PDF restored from git 5dd58d5, 2026-09-27"
carry2012,34,Circe,MBA,Ch,CM,3.66e+18,3.00e+16,A.31,113.02,4.90,B.32,4.83,0.63,0,13,X,4.842,PDF p20 Table 1,"rank printed as a cross: the paper tags this density as unrealistic; R71: read from the PDF restored from git 5dd58d5, 2026-09-27"
carry2012,36,Atalante,MBA,C,CM,4.32e+18,3.80e+18,,110.14,4.38,B.33,6.17,5.48,0,88,E,6.175,PDF p20 Table 1,"R71: read from the PDF restored from git 5dd58d5, 2026-09-27"
carry2012,38,Leda,MBA,Cgh,CM,5.71e+18,5.47e+18,,115.41,1.33,B.34,7.09,6.79,0,95,E,7.094,PDF p20 Table 1,"R71: read from the PDF restored from git 5dd58d5, 2026-09-27"
carry2012,39,Laetitia,MBA,S,OC,4.72e+18,1.14e+18,A.32,153.80,4.14,B.35,2.47,0.63,25,25,C,2.478,PDF p20 Table 1,"R71: read from the PDF restored from git 5dd58d5, 2026-09-27"
carry2012,41,Daphne,MBA,Ch,CM,6.31e+18,1.10e+17,A.33,181.05,9.60,B.36,2.03,0.32,9,16,B,2.031,PDF p20 Table 1,"R71: read from the PDF restored from git 5dd58d5, 2026-09-27"
carry2012,42,Isis,MBA,S,OC,1.58e+18,5.20e+17,A.34,102.73,2.73,B.37,2.78,0.93,16,33,C,2.783,PDF p20 Table 1,"R71: read from the PDF restored from git 5dd58d5, 2026-09-27"
carry2012,43,Ariadne,MBA,Sq,OC,1.21e+18,2.20e+17,A.35,63.61,4.66,B.38,8.99,2.57,0,28,X,8.979,PDF p20 Table 1,"rank printed as a cross: the paper tags this density as unrealistic; R71: read from the PDF restored from git 5dd58d5, 2026-09-27"
carry2012,45,Eugenia,MBA,C,CM,5.79e+18,1.40e+17,A.36,201.81,14.77,B.39,1.34,0.29,40,22,C,1.345,PDF p20 Table 1,"R71: read from the PDF restored from git 5dd58d5, 2026-09-27"
carry2012,46,Hestia,MBA,Xc,Mes,5.99e+18,4.90e+17,A.37,125.29,5.21,B.40,5.81,0.87,0,14,E,5.817,PDF p20 Table 1,"R71: read from the PDF restored from git 5dd58d5, 2026-09-27"
carry2012,47,Aglaja,MBA,B,CV,3.25e+18,1.68e+18,A.38,141.90,8.72,B.41,2.17,1.19,22,55,D,2.172,PDF p20 Table 1,"R71: read from the PDF restored from git 5dd58d5, 2026-09-27"
carry2012,48,Doris,MBA,Ch,CM,6.12e+18,2.96e+18,A.39,211.67,10.85,B.42,1.23,0.62,45,50,D,1.232,PDF p20 Table 1,"R71: read from the PDF restored from git 5dd58d5, 2026-09-27"
carry2012,49,Pales,MBA,Ch,CM,4.22e+18,2.15e+18,A.40,150.82,3.81,B.43,2.35,1.21,0,51,D,2.349,PDF p20 Table 1,"R71: read from the PDF restored from git 5dd58d5, 2026-09-27"
carry2012,50,Virginia,MBA,Ch,CM,2.31e+18,7.00e+17,A.41,99.42,0.46,B.44,4.49,1.35,0,30,E,4.489,PDF p20 Table 1,"taxonomy/analog from Fornasier et al. 2011; R71: read from the PDF restored from git 5dd58d5, 2026-09-27"
carry2012,51,Nemausa,MBA,Ch,CM,2.48e+18,8.60e+17,A.42,148.85,3.56,B.45,1.43,0.50,36,35,C,1.436,PDF p20 Table 1,"R71: read from the PDF restored from git 5dd58d5, 2026-09-27"
carry2012,52,Europa,MBA,C,CM,2.38e+19,5.80e+18,A.43,310.21,10.34,B.46,1.52,0.39,32,26,C,1.523,PDF p20 Table 1,"R71: read from the PDF restored from git 5dd58d5, 2026-09-27"
carry2012,53,Kalypso,MBA,C,CM,5.63e+18,5.00e+18,,109.06,7.27,B.47,8.28,7.54,0,91,X,8.289,PDF p20 Table 1,"rank printed as a cross: the paper tags this density as unrealistic; R71: read from the PDF restored from git 5dd58d5, 2026-09-27"
carry2012,54,Alexandra,MBA,Cgh,CM,6.16e+18,3.50e+18,A.44,149.68,9.85,B.48,3.50,2.11,0,60,D,3.508,PDF p20 Table 1,"R71: read from the PDF restored from git 5dd58d5, 2026-09-27"
carry2012,56,Melete,MBA,Xk,Mes,4.61e+18,0.00e+00,A.45,113.63,8.27,B.49,6.00,1.31,0,21,C,6.001,PDF p20 Table 1,"R71: read from the PDF restored from git 5dd58d5, 2026-09-27"
carry2012,57,Mnemosyne,MBA,S,OC,1.26e+19,2.40e+18,A.46,113.01,4.46,B.50,16.62,3.73,0,22,X,16.673,PDF p20 Table 1,"rank printed as a cross: the paper tags this density as unrealistic; R71: read from the PDF restored from git 5dd58d5, 2026-09-27"
carry2012,59,Elpis,MBA,B,CV,3.00e+18,5.00e+17,A.47,163.61,6.50,B.51,1.30,0.26,53,20,C,1.308,PDF p21 Table 1,"R71: read from the PDF restored from git 5dd58d5, 2026-09-27"
carry2012,60,Echo,MBA,S,OC,3.15e+17,3.20e+16,A.48,60.00,1.33,B.52,2.78,0.33,16,12,B,2.785,PDF p21 Table 1,"R71: read from the PDF restored from git 5dd58d5, 2026-09-27"
carry2012,61,Danae,MBA,S,OC,2.89e+18,2.78e+18,,82.52,2.73,B.53,9.81,9.49,0,96,D,9.822,PDF p21 Table 1,"R71: read from the PDF restored from git 5dd58d5, 2026-09-27"
carry2012,63,Ausonia,MBA,S,OC,1.53e+18,1.50e+17,A.49,94.45,7.15,B.54,3.46,0.86,0,24,C,3.468,PDF p21 Table 1,"R71: read from the PDF restored from git 5dd58d5, 2026-09-27"
carry2012,65,Cybele,MBA,Xk,Mes,1.36e+19,3.10e+18,A.50,248.29,17.59,B.55,1.70,0.52,59,30,C,1.697,PDF p21 Table 1,"R71: read from the PDF restored from git 5dd58d5, 2026-09-27"
carry2012,67,Asia,MBA,S,OC,1.03e+18,1.00e+17,,60.99,2.41,B.56,8.66,1.32,0,15,X,8.671,PDF p21 Table 1,"rank printed as a cross: the paper tags this density as unrealistic; R71: read from the PDF restored from git 5dd58d5, 2026-09-27"
carry2012,68,Leto,MBA,S,OC,3.28e+18,1.90e+18,A.51,124.96,6.42,B.57,3.21,1.92,3,60,D,3.210,PDF p21 Table 1,"R71: read from the PDF restored from git 5dd58d5, 2026-09-27"
carry2012,69,Hesperia,MBA,Xk,Mes,5.86e+18,1.18e+18,A.52,136.69,4.71,B.58,4.38,0.99,0,22,C,4.382,PDF p21 Table 1,"R71: read from the PDF restored from git 5dd58d5, 2026-09-27"
carry2012,70,Panopaea,MBA,Cgh,CM,4.33e+18,1.09e+18,,133.43,7.58,B.59,3.48,1.05,0,30,C,3.481,PDF p21 Table 1,"R71: read from the PDF restored from git 5dd58d5, 2026-09-27"
carry2012,72,Feronia,MBA,D,CM,3.32e+18,8.49e+18,,83.95,4.02,B.60,10.71,27.44,0,∞,X,10.717,PDF p21 Table 1,"rank printed as a cross: the paper tags this density as unrealistic; R71: read from the PDF restored from git 5dd58d5, 2026-09-27"
carry2012,74,Galatea,MBA,C,CM,6.13e+18,5.36e+18,,120.67,7.15,B.61,6.66,5.94,0,89,D,6.663,PDF p21 Table 1,"R71: read from the PDF restored from git 5dd58d5, 2026-09-27"
carry2012,76,Freia,MBA,C,CM,1.97e+18,4.20e+18,A.53,167.87,8.73,B.62,0.79,1.69,64,∞,E,0.795,PDF p21 Table 1,"R71: read from the PDF restored from git 5dd58d5, 2026-09-27"
carry2012,77,Frigga,MBA,Xe,EH,1.74e+18,6.80e+17,,66.97,1.28,B.63,11.05,4.34,0,39,X,11.064,PDF p21 Table 1,"rank printed as a cross: the paper tags this density as unrealistic; taxonomy/analog from Ockert-Bell et al. 2010; R71: read from the PDF restored from git 5dd58d5, 2026-09-27"
carry2012,78,Diana,MBA,Ch,CM,1.27e+18,1.30e+17,A.54,123.63,4.57,B.64,1.28,0.19,42,14,B,1.284,PDF p21 Table 1,"R71: read from the PDF restored from git 5dd58d5, 2026-09-27"
carry2012,81,Terpsichore,MBA,Cb,CM,6.19e+18,5.31e+18,,121.77,2.34,B.65,6.54,5.62,0,85,D,6.547,PDF p21 Table 1,"R71: read from the PDF restored from git 5dd58d5, 2026-09-27"
carry2012,84,Klio,MBA,Ch,CM,5.47e+17,4.06e+17,,79.40,1.95,B.66,2.08,1.55,7,74,D,2.087,PDF p21 Table 1,"R71: read from the PDF restored from git 5dd58d5, 2026-09-27"
carry2012,85,Io,MBA,Cb,CM,2.57e+18,1.48e+18,A.55,155.00,6.00,B.67,1.31,0.77,41,58,D,1.318,PDF p21 Table 1,"R71: read from the PDF restored from git 5dd58d5, 2026-09-27"
carry2012,87,Sylvia,MBA,X,CV,1.48e+19,0.00e+00,A.56,278.14,10.75,B.68,1.31,0.15,52,11,B,1.314,PDF p21 Table 1,"R71: read from the PDF restored from git 5dd58d5, 2026-09-27"
carry2012,88,Thisbe,MBA,B,CV,1.53e+19,3.10e+18,A.57,204.04,9.12,B.69,3.44,0.84,0,24,C,3.440,PDF p21 Table 1,"R71: read from the PDF restored from git 5dd58d5, 2026-09-27"
carry2012,89,Julia,MBA,X,CV,6.71e+18,1.82e+18,A.58,147.57,8.32,B.70,3.98,1.27,0,31,C,3.988,PDF p21 Table 1,"R71: read from the PDF restored from git 5dd58d5, 2026-09-27"
carry2012,90,Antiope,MBA,C,CM,8.30e+17,2.00e+16,A.59,122.15,2.77,B.71,0.86,0.06,61,7,B,0.870,PDF p21 Table 1,"R71: read from the PDF restored from git 5dd58d5, 2026-09-27"
carry2012,92,Undina,MBA,Xk,Mes,4.43e+18,2.50e+17,A.60,124.44,3.25,B.72,4.39,0.42,0,9,B,4.391,PDF p21 Table 1,"R71: read from the PDF restored from git 5dd58d5, 2026-09-27"
carry2012,93,Minerva,MBA,C,CM,3.50e+18,4.00e+17,,149.79,8.08,B.73,1.98,0.39,11,19,B,1.989,PDF p21 Table 1,"R71: read from the PDF restored from git 5dd58d5, 2026-09-27"
carry2012,94,Aurora,MBA,C,CM,6.23e+18,3.64e+18,A.61,186.35,8.84,B.74,1.83,1.10,18,60,D,1.839,PDF p21 Table 1,"R71: read from the PDF restored from git 5dd58d5, 2026-09-27"
carry2012,96,Aegle,MBA,T,Ata,6.48e+18,6.26e+18,A.62,167.92,5.49,B.75,2.61,2.53,34,97,D,2.614,PDF p21 Table 1,"R71: read from the PDF restored from git 5dd58d5, 2026-09-27"
carry2012,97,Klotho,MBA,Xc,Ata,1.33e+18,1.30e+17,,84.79,3.13,B.76,4.16,0.62,0,14,B,4.167,PDF p21 Table 1,"taxonomy/analog from Ockert-Bell et al. 2010; R71: read from the PDF restored from git 5dd58d5, 2026-09-27"
carry2012,98,Ianthe,MBA,Ch,CM,8.93e+17,1.99e+17,A.63,106.16,3.76,B.77,1.42,0.35,36,24,C,1.426,PDF p21 Table 1,"R71: read from the PDF restored from git 5dd58d5, 2026-09-27"
carry2012,105,Artemis,MBA,Ch,CM,1.53e+18,5.40e+17,A.64,119.10,6.78,B.78,1.73,0.67,23,38,C,1.730,PDF p21 Table 1,"R71: read from the PDF restored from git 5dd58d5, 2026-09-27"
carry2012,106,Dione,MBA,Cgh,CM,3.06e+18,1.54e+18,A.65,147.17,3.34,B.79,1.83,0.92,18,50,D,1.833,PDF p21 Table 1,"R71: read from the PDF restored from git 5dd58d5, 2026-09-27"
carry2012,107,Camilla,MBA,X,CV,1.12e+19,3.00e+17,A.66,210.68,8.89,B.80,2.28,0.29,18,12,B,2.287,PDF p21 Table 1,"R71: read from the PDF restored from git 5dd58d5, 2026-09-27"
carry2012,111,Ate,MBA,Ch,CM,1.76e+18,4.40e+17,A.67,142.85,5.94,B.81,1.15,0.32,48,27,C,1.153,PDF p21 Table 1,"R71: read from the PDF restored from git 5dd58d5, 2026-09-27"
carry2012,112,Iphigenia,MBA,Ch,CM,1.97e+18,6.78e+18,,71.07,0.52,B.82,10.48,36.06,0,∞,X,10.481,PDF p21 Table 1,"rank printed as a cross: the paper tags this density as unrealistic; R71: read from the PDF restored from git 5dd58d5, 2026-09-27"
carry2012,117,Lomia,MBA,X,CV,6.08e+18,6.30e+17,A.68,146.78,3.96,B.83,3.67,0.48,0,13,B,3.672,PDF p21 Table 1,"R71: read from the PDF restored from git 5dd58d5, 2026-09-27"
carry2012,121,Hermione,MBA,Ch,CM,4.97e+18,3.30e+17,A.69,195.36,10.62,B.84,1.27,0.22,43,17,B,1.273,PDF p21 Table 1,"R71: read from the PDF restored from git 5dd58d5, 2026-09-27"
carry2012,126,Velleda,MBA,S,OC,4.70e+17,5.79e+18,,44.79,1.33,B.85,10.00,123.00,0,∞,X,9.990,PDF p21 Table 1,"rank printed as a cross: the paper tags this density as unrealistic; R71: read from the PDF restored from git 5dd58d5, 2026-09-27"
carry2012,127,Johanna,MBA,Ch,CM,3.08e+18,1.35e+18,A.70,116.14,3.93,B.86,3.75,1.68,0,44,C,3.755,PDF p21 Table 1,"R71: read from the PDF restored from git 5dd58d5, 2026-09-27"
carry2012,128,Nemesis,MBA,C,CM,5.97e+18,2.56e+18,A.71,184.19,5.19,B.87,1.82,0.79,18,43,C,1.825,PDF p21 Table 1,"R71: read from the PDF restored from git 5dd58d5, 2026-09-27"
carry2012,129,Antigone,MBA,X,Ste,2.65e+18,8.90e+17,A.72,119.44,3.91,B.88,2.96,1.04,29,35,C,2.970,PDF p21 Table 1,"taxonomy/analog from Ockert-Bell et al. 2010; R71: read from the PDF restored from git 5dd58d5, 2026-09-27"
carry2012,130,Elektra,MBA,Ch,CM,6.60e+18,4.00e+17,A.73,189.62,6.81,B.89,1.84,0.22,17,12,B,1.849,PDF p21 Table 1,"R71: read from the PDF restored from git 5dd58d5, 2026-09-27"
carry2012,132,Aethra,MBA,Xe,EH,4.10e+17,2.71e+18,,35.83,6.59,B.90,17.09,112.83,0,∞,X,17.023,PDF p21 Table 1,"rank printed as a cross: the paper tags this density as unrealistic; R71: read from the PDF restored from git 5dd58d5, 2026-09-27"
carry2012,135,Hertha,MBA,Xk,Ata,1.21e+18,1.60e+17,A.74,76.12,3.29,B.91,5.23,0.96,0,18,B,5.240,PDF p21 Table 1,"taxonomy/analog from Ockert-Bell et al. 2010; R71: read from the PDF restored from git 5dd58d5, 2026-09-27"
carry2012,137,Meliboea,MBA,C,CM,7.27e+18,3.07e+18,A.75,145.92,3.58,B.92,4.46,1.91,0,42,E,4.469,PDF p21 Table 1,"R71: read from the PDF restored from git 5dd58d5, 2026-09-27"
carry2012,138,Tolosa,MBA,S,OC,4.93e+17,2.59e+17,,51.86,3.07,B.93,6.74,3.74,0,55,E,6.751,PDF p21 Table 1,"R71: read from the PDF restored from git 5dd58d5, 2026-09-27"
carry2012,139,Juewa,MBA,X,CV,5.54e+18,2.20e+18,A.76,161.43,7.38,B.94,2.51,1.05,9,41,C,2.515,PDF p21 Table 1,"R71: read from the PDF restored from git 5dd58d5, 2026-09-27"
carry2012,141,Lumen,MBA,Ch,CM,8.25e+18,5.77e+18,,131.35,5.21,B.95,6.95,4.93,0,70,X,6.953,PDF p21 Table 1,"rank printed as a cross: the paper tags this density as unrealistic; R71: read from the PDF restored from git 5dd58d5, 2026-09-27"
carry2012,144,Vibilia,MBA,Ch,CM,5.30e+18,1.20e+18,A.77,141.34,2.76,B.96,3.58,0.84,0,23,C,3.585,PDF p21 Table 1,"R71: read from the PDF restored from git 5dd58d5, 2026-09-27"
carry2012,145,Adeona,MBA,Ch,CM,2.08e+18,5.70e+17,A.78,149.50,5.45,B.97,1.18,0.34,47,29,C,1.189,PDF p21 Table 1,"R71: read from the PDF restored from git 5dd58d5, 2026-09-27"
carry2012,147,Protogeneia,MBA,C,CM,1.23e+19,5.00e+17,,118.44,10.45,B.98,14.13,3.78,0,26,X,14.139,PDF p21 Table 1,"rank printed as a cross: the paper tags this density as unrealistic; R71: read from the PDF restored from git 5dd58d5, 2026-09-27"
carry2012,148,Gallia,MBA,S,OC,4.89e+18,1.67e+18,,83.45,5.07,B.99,16.06,6.22,0,38,X,16.071,PDF p21 Table 1,"rank printed as a cross: the paper tags this density as unrealistic; R71: read from the PDF restored from git 5dd58d5, 2026-09-27"
carry2012,150,Nuwa,MBA,C,CM,1.62e+18,2.00e+17,A.79,146.54,9.15,B.100,0.98,0.22,56,22,C,0.983,PDF p21 Table 1,"R71: read from the PDF restored from git 5dd58d5, 2026-09-27"
carry2012,152,Atala,MBA,S,OC,5.43e+18,1.24e+18,,60.03,3.01,B.101,47.92,13.10,0,27,X,47.940,PDF p21 Table 1,"rank printed as a cross: the paper tags this density as unrealistic; R71: read from the PDF restored from git 5dd58d5, 2026-09-27"
carry2012,154,Bertha,MBA,Cb,CM,9.19e+18,5.20e+18,A.80,186.85,1.83,B.102,2.69,1.52,0,56,D,2.691,PDF p21 Table 1,"R71: read from the PDF restored from git 5dd58d5, 2026-09-27"
carry2012,156,Xanthippe,MBA,Ch,CM,6.49e+18,3.71e+18,,116.34,4.14,B.103,7.86,4.57,0,58,X,7.872,PDF p21 Table 1,"rank printed as a cross: the paper tags this density as unrealistic; R71: read from the PDF restored from git 5dd58d5, 2026-09-27"
carry2012,163,Erigone,MBA,Ch,CM,2.01e+18,6.80e+17,,72.70,1.95,B.104,9.99,3.45,0,34,X,9.991,PDF p21 Table 1,"rank printed as a cross: the paper tags this density as unrealistic; R71: read from the PDF restored from git 5dd58d5, 2026-09-27"
carry2012,164,Eva,MBA,X,CV,9.29e+17,7.76e+17,,101.77,3.61,B.105,1.68,1.41,39,84,D,1.683,PDF p22 Table 1,"R71: read from the PDF restored from git 5dd58d5, 2026-09-27"
carry2012,165,Loreley,MBA,C,CM,1.91e+19,1.90e+18,A.81,164.92,8.14,B.106,8.14,1.46,0,17,X,8.132,PDF p22 Table 1,"rank printed as a cross: the paper tags this density as unrealistic; R71: read from the PDF restored from git 5dd58d5, 2026-09-27"
carry2012,168,Sibylla,MBA,Ch,CM,3.92e+18,1.80e+18,A.82,149.06,4.29,B.107,2.26,1.05,0,46,C,2.260,PDF p22 Table 1,"R71: read from the PDF restored from git 5dd58d5, 2026-09-27"
carry2012,173,Ino,MBA,X,CV,4.79e+18,3.11e+18,A.83,160.07,6.04,B.108,2.23,1.47,20,65,D,2.231,PDF p22 Table 1,"R71: read from the PDF restored from git 5dd58d5, 2026-09-27"
carry2012,179,Klytaemnestra,MBA,S,OC,2.49e+17,1.19e+17,,75.02,3.21,B.109,1.12,0.55,66,49,C,1.126,PDF p22 Table 1,"R71: read from the PDF restored from git 5dd58d5, 2026-09-27"
carry2012,185,Eunike,MBA,C,CM,3.56e+18,2.61e+18,A.84,160.61,5.00,B.110,1.64,1.21,27,74,D,1.641,PDF p22 Table 1,"R71: read from the PDF restored from git 5dd58d5, 2026-09-27"
carry2012,187,Lamberta,MBA,Ch,CM,1.80e+18,8.50e+17,A.85,131.31,1.08,B.111,1.51,0.71,32,47,C,1.518,PDF p22 Table 1,"R71: read from the PDF restored from git 5dd58d5, 2026-09-27"
carry2012,189,Phthia,MBA,Sa,OC,3.84e+16,8.10e+15,,40.91,1.36,B.112,1.07,0.25,67,23,C,1.071,PDF p22 Table 1,"R71: read from the PDF restored from git 5dd58d5, 2026-09-27"
carry2012,192,Nausikaa,MBA,S,OC,1.79e+18,4.20e+17,A.86,90.18,2.80,B.113,4.64,1.17,0,25,C,4.661,PDF p22 Table 1,"R71: read from the PDF restored from git 5dd58d5, 2026-09-27"
carry2012,194,Prokne,MBA,Ch,CM,2.68e+18,2.90e+17,A.87,170.33,6.92,B.114,1.03,0.16,53,16,B,1.036,PDF p22 Table 1,"R71: read from the PDF restored from git 5dd58d5, 2026-09-27"
carry2012,196,Philomela,MBA,S,OC,4.00e+18,1.53e+18,A.88,145.29,7.71,B.115,2.48,1.02,25,41,C,2.491,PDF p22 Table 1,"R71: read from the PDF restored from git 5dd58d5, 2026-09-27"
carry2012,200,Dynamene,MBA,Ch,CM,1.07e+19,1.60e+18,,130.71,3.01,B.116,9.14,1.51,0,16,X,9.151,PDF p22 Table 1,"rank printed as a cross: the paper tags this density as unrealistic; R71: read from the PDF restored from git 5dd58d5, 2026-09-27"
carry2012,204,Kallisto,MBA,S,OC,6.00e+17,1.81e+18,,50.36,1.69,B.117,8.98,27.07,0,∞,X,8.972,PDF p22 Table 1,"rank printed as a cross: the paper tags this density as unrealistic; R71: read from the PDF restored from git 5dd58d5, 2026-09-27"
carry2012,209,Dido,MBA,Xc,Mes,4.59e+18,7.42e+18,,140.35,10.12,B.118,3.17,5.17,25,∞,E,3.171,PDF p22 Table 1,"R71: read from the PDF restored from git 5dd58d5, 2026-09-27"
carry2012,210,Isabella,MBA,Cb,CM,3.41e+18,1.09e+18,,73.70,8.47,B.119,16.26,7.65,0,47,X,16.269,PDF p22 Table 1,"rank printed as a cross: the paper tags this density as unrealistic; R71: read from the PDF restored from git 5dd58d5, 2026-09-27"
carry2012,211,Isolda,MBA,Ch,CM,4.49e+18,2.43e+18,A.89,149.81,6.10,B.120,2.54,1.41,0,55,D,2.550,PDF p22 Table 1,"R71: read from the PDF restored from git 5dd58d5, 2026-09-27"
carry2012,212,Medea,MBA,D,CM,1.32e+19,1.00e+18,,144.13,7.23,B.121,8.41,1.43,0,17,X,8.420,PDF p22 Table 1,"rank printed as a cross: the paper tags this density as unrealistic; R71: read from the PDF restored from git 5dd58d5, 2026-09-27"
carry2012,216,Kleopatra,MBA,Xe,Ata,4.64e+18,2.00e+17,A.90,127.47,8.44,B.122,4.27,0.86,0,20,C,4.279,PDF p22 Table 1,"taxonomy/analog from Ockert-Bell et al. 2010; R71: read from the PDF restored from git 5dd58d5, 2026-09-27"
carry2012,217,Eudora,MBA,X,CV,1.52e+18,6.00e+16,,68.62,1.41,B.123,8.98,0.65,0,7,X,8.984,PDF p22 Table 1,"rank printed as a cross: the paper tags this density as unrealistic; R71: read from the PDF restored from git 5dd58d5, 2026-09-27"
carry2012,221,Eos,MBA,K,CV,5.87e+18,3.40e+17,,103.52,5.60,B.124,10.10,1.74,0,17,X,10.106,PDF p22 Table 1,"rank printed as a cross: the paper tags this density as unrealistic; R71: read from the PDF restored from git 5dd58d5, 2026-09-27"
carry2012,230,Athamantis,MBA,S,OC,1.89e+18,1.90e+17,,110.17,4.57,B.125,2.69,0.43,19,15,B,2.699,PDF p22 Table 1,"R71: read from the PDF restored from git 5dd58d5, 2026-09-27"
carry2012,234,Barbara,MBA,L,CO,4.40e+17,1.45e+18,,45.62,1.93,B.126,8.84,29.17,0,∞,X,8.851,PDF p22 Table 1,"rank printed as a cross: the paper tags this density as unrealistic; R71: read from the PDF restored from git 5dd58d5, 2026-09-27"
carry2012,238,Hypatia,MBA,Ch,CM,4.90e+18,1.70e+18,A.91,146.13,2.66,B.127,2.99,1.05,0,35,C,2.999,PDF p22 Table 1,"R71: read from the PDF restored from git 5dd58d5, 2026-09-27"
carry2012,240,Vanadis,MBA,C,CM,1.10e+18,9.20e+17,A.92,94.03,5.37,B.128,2.53,2.15,0,84,D,2.527,PDF p22 Table 1,"R71: read from the PDF restored from git 5dd58d5, 2026-09-27"
carry2012,241,Germania,MBA,Cb,CM,8.60e+17,5.00e+18,,178.60,7.84,B.129,0.28,1.67,87,∞,X,0.288,PDF p22 Table 1,"rank printed as a cross: the paper tags this density as unrealistic; R71: read from the PDF restored from git 5dd58d5, 2026-09-27"
carry2012,243,Ida,MBA,S,OC,3.78e+16,2.00e+15,,31.29,1.20,B.130,2.35,0.29,29,12,A,2.357,PDF p22 Table 1,"R71: read from the PDF restored from git 5dd58d5, 2026-09-27"
carry2012,253,Mathilde,MBA,Cb,CM,1.03e+17,4.00e+15,A.93,53.00,2.59,B.131,1.32,0.20,41,15,A,1.321,PDF p22 Table 1,"R71: read from the PDF restored from git 5dd58d5, 2026-09-27"
carry2012,259,Aletheia,MBA,X,CV,7.79e+18,4.30e+17,A.94,190.05,6.82,B.132,2.16,0.26,22,12,B,2.167,PDF p22 Table 1,"R71: read from the PDF restored from git 5dd58d5, 2026-09-27"
carry2012,266,Aline,MBA,Ch,CM,4.15e+18,4.20e+17,,107.95,6.62,B.133,6.29,1.32,0,20,E,6.301,PDF p22 Table 1,"R71: read from the PDF restored from git 5dd58d5, 2026-09-27"
carry2012,268,Adorea,MBA,X,CV,3.25e+18,2.26e+18,A.95,140.31,3.34,B.134,2.24,1.56,19,69,D,2.247,PDF p22 Table 1,"R71: read from the PDF restored from git 5dd58d5, 2026-09-27"
carry2012,283,Emma,MBA,C,CM,1.38e+18,3.00e+16,A.96,132.74,10.13,B.135,1.12,0.25,49,23,C,1.127,PDF p22 Table 1,"taxonomy/analog from Fornasier et al. 2011; R71: read from the PDF restored from git 5dd58d5, 2026-09-27"
carry2012,304,Olga,MBA,Xc,Mes,1.15e+18,1.12e+18,,70.30,2.32,B.136,6.31,6.18,0,97,D,6.322,PDF p22 Table 1,"R71: read from the PDF restored from git 5dd58d5, 2026-09-27"
carry2012,306,Unitas,MBA,S,OC,5.33e+17,5.77e+17,,52.88,3.48,B.137,6.88,7.57,0,∞,E,6.884,PDF p22 Table 1,"R71: read from the PDF restored from git 5dd58d5, 2026-09-27"
carry2012,322,Phaeo,MBA,D,CM,1.86e+18,4.00e+16,,71.88,4.32,B.138,9.56,1.73,0,18,X,9.565,PDF p22 Table 1,"rank printed as a cross: the paper tags this density as unrealistic; R71: read from the PDF restored from git 5dd58d5, 2026-09-27"
carry2012,324,Bamberga,MBA,Cb,CM,1.03e+19,1.00e+18,A.97,234.67,7.80,B.139,1.52,0.20,32,13,A,1.522,PDF p22 Table 1,"R71: read from the PDF restored from git 5dd58d5, 2026-09-27"
carry2012,328,Gudrun,MBA,S,OC,3.16e+18,4.60e+17,A.98,122.59,3.72,B.140,3.27,0.55,1,17,B,3.276,PDF p22 Table 1,"R71: read from the PDF restored from git 5dd58d5, 2026-09-27"
carry2012,334,Chicago,MBA,C,CM,5.06e+18,5.63e+18,A.99,167.26,7.27,B.141,2.06,2.31,8,∞,E,2.065,PDF p22 Table 1,"R71: read from the PDF restored from git 5dd58d5, 2026-09-27"
carry2012,337,Devosa,MBA,Xk,Hex,1.08e+18,1.60e+17,A.100,63.87,3.14,B.142,7.91,1.65,0,20,X,7.917,PDF p22 Table 1,"rank printed as a cross: the paper tags this density as unrealistic; taxonomy/analog from Fornasier et al. 2011; R71: read from the PDF restored from git 5dd58d5, 2026-09-27"
carry2012,344,Desiderata,MBA,C,CM,1.39e+18,4.80e+17,A.101,129.20,3.37,B.143,1.22,0.43,45,35,C,1.231,PDF p22 Table 1,"R71: read from the PDF restored from git 5dd58d5, 2026-09-27"
carry2012,345,Tercidina,MBA,Ch,CM,2.68e+18,1.18e+18,A.102,98.78,2.63,B.144,5.30,2.37,0,44,C,5.310,PDF p22 Table 1,"R71: read from the PDF restored from git 5dd58d5, 2026-09-27"
carry2012,346,Hermentaria,MBA,S,OC,6.33e+18,1.80e+17,,93.27,3.05,B.145,14.89,1.52,0,10,X,14.900,PDF p22 Table 1,"rank printed as a cross: the paper tags this density as unrealistic; R71: read from the PDF restored from git 5dd58d5, 2026-09-27"
carry2012,349,Dembowska,MBA,R,OC,3.58e+18,1.03e+18,A.103,145.23,17.21,B.146,2.23,1.01,33,45,C,2.232,PDF p22 Table 1,"R71: read from the PDF restored from git 5dd58d5, 2026-09-27"
carry2012,354,Eleonora,MBA,A,Pal,7.18e+18,2.57e+18,A.104,154.34,5.65,B.147,3.73,1.39,21,37,C,3.730,PDF p22 Table 1,"R71: read from the PDF restored from git 5dd58d5, 2026-09-27"
carry2012,356,Liguria,MBA,Ch,CM,7.83e+18,1.50e+18,,134.76,5.17,B.148,6.10,1.36,0,22,X,6.111,PDF p22 Table 1,"rank printed as a cross: the paper tags this density as unrealistic; R71: read from the PDF restored from git 5dd58d5, 2026-09-27"
carry2012,365,Corduba,MBA,Ch,CM,5.84e+18,9.50e+17,,104.51,2.42,B.149,9.76,1.73,0,17,X,9.771,PDF p22 Table 1,"rank printed as a cross: the paper tags this density as unrealistic; R71: read from the PDF restored from git 5dd58d5, 2026-09-27"
carry2012,372,Palma,MBA,X,CV,5.15e+18,6.40e+17,A.105,191.12,2.68,B.150,1.40,0.18,49,13,B,1.409,PDF p22 Table 1,"R71: read from the PDF restored from git 5dd58d5, 2026-09-27"
carry2012,375,Ursula,MBA,Xc,Mes,8.45e+18,5.26e+18,A.106,191.65,4.01,B.151,2.29,1.43,46,62,D,2.293,PDF p22 Table 1,"R71: read from the PDF restored from git 5dd58d5, 2026-09-27"
carry2012,379,Huenna,MBA,C,CM,3.83e+17,2.00e+16,,87.28,5.70,B.152,1.10,0.22,51,20,C,1.100,PDF p22 Table 1,"taxonomy/analog from Clark et al. 2010; R71: read from the PDF restored from git 5dd58d5, 2026-09-27"
carry2012,381,Myrrha,MBA,X,CV,9.18e+18,8.00e+17,,123.41,6.30,B.153,9.32,1.64,0,17,X,9.328,PDF p22 Table 1,"rank printed as a cross: the paper tags this density as unrealistic; R71: read from the PDF restored from git 5dd58d5, 2026-09-27"
carry2012,386,Siegena,MBA,Ch,CM,8.14e+18,1.58e+18,A.107,170.35,8.40,B.154,3.14,0.76,0,24,C,3.145,PDF p22 Table 1,"R71: read from the PDF restored from git 5dd58d5, 2026-09-27"
carry2012,387,Aquitania,MBA,L,CO,1.90e+18,6.40e+17,A.108,103.51,2.23,B.155,3.27,1.11,0,34,C,3.272,PDF p22 Table 1,"R71: read from the PDF restored from git 5dd58d5, 2026-09-27"
carry2012,404,Arsinoe,MBA,B,CV,3.42e+18,3.03e+18,,96.97,3.01,B.156,7.16,6.38,0,89,D,7.163,PDF p22 Table 1,"R71: read from the PDF restored from git 5dd58d5, 2026-09-27"
carry2012,405,Thia,MBA,Ch,CM,1.38e+18,1.40e+17,,122.14,7.69,B.157,1.44,0.30,35,21,C,1.446,PDF p22 Table 1,"R71: read from the PDF restored from git 5dd58d5, 2026-09-27"
carry2012,409,Aspasia,MBA,Xc,Mes,1.18e+19,2.30e+18,A.109,176.33,4.50,B.158,4.10,0.84,3,20,C,4.111,PDF p22 Table 1,"R71: read from the PDF restored from git 5dd58d5, 2026-09-27"
carry2012,410,Chloris,MBA,Ch,CM,6.24e+18,3.00e+17,A.110,115.55,8.22,B.159,7.72,1.69,0,21,X,7.725,PDF p23 Table 1,"rank printed as a cross: the paper tags this density as unrealistic; R71: read from the PDF restored from git 5dd58d5, 2026-09-27"
carry2012,416,Vaticana,MBA,S,OC,3.27e+18,3.10e+18,,87.10,2.57,B.160,9.44,8.99,0,95,D,9.451,PDF p23 Table 1,"R71: read from the PDF restored from git 5dd58d5, 2026-09-27"
carry2012,419,Aurelia,MBA,Cb,CM,1.72e+18,3.40e+17,A.111,124.47,3.08,B.161,1.70,0.35,24,21,C,1.703,PDF p23 Table 1,"taxonomy/analog from Clark et al. 2010; R71: read from the PDF restored from git 5dd58d5, 2026-09-27"
carry2012,420,Bertholda,MBA,X,CV,1.48e+19,9.00e+17,,141.54,2.08,B.162,9.96,0.75,0,7,X,9.968,PDF p23 Table 1,"rank printed as a cross: the paper tags this density as unrealistic; R71: read from the PDF restored from git 5dd58d5, 2026-09-27"
carry2012,423,Diotima,MBA,C,CM,6.91e+18,1.93e+18,A.112,211.64,16.02,B.163,1.39,0.50,38,35,C,1.392,PDF p23 Table 1,"R71: read from the PDF restored from git 5dd58d5, 2026-09-27"
carry2012,433,Eros,NEA,S,OC,6.69e+15,0.00e+00,,16.20,0.16,B.164,3.00,0.08,9,2,B,3.005,PDF p23 Table 1,"R71: read from the PDF restored from git 5dd58d5, 2026-09-27"
carry2012,442,Eichsfeldia,MBA,Ch,CM,1.95e+17,2.00e+16,,65.58,1.70,B.165,1.32,0.16,41,12,B,1.320,PDF p23 Table 1,"R71: read from the PDF restored from git 5dd58d5, 2026-09-27"
carry2012,444,Gyptis,MBA,C,CM,1.06e+19,2.80e+18,A.113,164.63,2.60,B.166,4.55,1.23,0,27,C,4.537,PDF p23 Table 1,"R71: read from the PDF restored from git 5dd58d5, 2026-09-27"
carry2012,445,Edna,MBA,Ch,CM,3.47e+18,7.80e+17,,88.60,4.10,B.167,9.52,2.50,0,26,X,9.529,PDF p23 Table 1,"rank printed as a cross: the paper tags this density as unrealistic; R71: read from the PDF restored from git 5dd58d5, 2026-09-27"
carry2012,449,Hamburga,MBA,C,CM,1.57e+18,1.40e+18,,66.76,4.82,B.168,10.07,9.24,0,91,E,10.077,PDF p23 Table 1,"R71: read from the PDF restored from git 5dd58d5, 2026-09-27"
carry2012,451,Patientia,MBA,Cb,CM,1.09e+19,5.30e+18,A.114,234.42,10.17,B.169,1.60,0.80,28,50,D,1.616,PDF p23 Table 1,"R71: read from the PDF restored from git 5dd58d5, 2026-09-27"
carry2012,455,Bruchsalia,MBA,Xk,Mes,1.19e+18,1.20e+17,,88.13,6.89,B.170,3.32,0.84,21,25,C,3.320,PDF p23 Table 1,"R71: read from the PDF restored from git 5dd58d5, 2026-09-27"
carry2012,469,Argentina,MBA,Xk,Mes,4.53e+18,1.76e+18,A.115,126.00,4.91,B.171,4.32,1.75,0,40,C,4.325,PDF p23 Table 1,"R71: read from the PDF restored from git 5dd58d5, 2026-09-27"
carry2012,471,Papagena,MBA,S,OC,3.05e+18,1.73e+18,A.116,124.55,8.77,B.172,3.01,1.82,9,60,D,3.015,PDF p23 Table 1,"R71: read from the PDF restored from git 5dd58d5, 2026-09-27"
carry2012,481,Emita,MBA,Ch,CM,5.78e+18,1.45e+18,,107.23,4.71,B.173,8.95,2.53,0,28,C,8.953,PDF p23 Table 1,"R71: read from the PDF restored from git 5dd58d5, 2026-09-27"
carry2012,485,Genua,MBA,S,OC,1.36e+18,4.40e+17,,56.31,4.15,B.174,14.53,5.68,0,39,X,14.547,PDF p23 Table 1,"rank printed as a cross: the paper tags this density as unrealistic; R71: read from the PDF restored from git 5dd58d5, 2026-09-27"
carry2012,488,Kreusa,MBA,Ch,CM,2.48e+18,1.14e+18,A.117,162.32,9.54,B.175,1.10,0.54,50,49,C,1.107,PDF p23 Table 1,"R71: read from the PDF restored from git 5dd58d5, 2026-09-27"
carry2012,490,Veritas,MBA,Ch,CM,5.99e+18,2.23e+18,A.118,110.96,3.80,B.176,8.37,3.23,0,38,C,8.374,PDF p23 Table 1,"R71: read from the PDF restored from git 5dd58d5, 2026-09-27"
carry2012,491,Carina,MBA,X,CV,4.82e+18,1.95e+18,,97.36,3.18,B.177,9.97,4.15,0,41,C,9.975,PDF p23 Table 1,"R71: read from the PDF restored from git 5dd58d5, 2026-09-27"
carry2012,503,Evelyn,MBA,Ch,CM,2.85e+18,3.40e+17,,87.58,3.58,B.178,8.10,1.38,0,17,X,8.103,PDF p23 Table 1,"rank printed as a cross: the paper tags this density as unrealistic; R71: read from the PDF restored from git 5dd58d5, 2026-09-27"
carry2012,505,Cava,MBA,Xk,LL,3.99e+18,3.84e+18,,101.51,1.83,B.179,7.28,7.02,0,96,D,7.285,PDF p23 Table 1,"taxonomy/analog from Clark et al. 2010; R71: read from the PDF restored from git 5dd58d5, 2026-09-27"
carry2012,508,Princetonia,MBA,X,CV,2.99e+18,6.50e+17,A.119,139.69,3.40,B.180,2.09,0.47,25,22,C,2.095,PDF p23 Table 1,"R71: read from the PDF restored from git 5dd58d5, 2026-09-27"
carry2012,511,Davida,MBA,C,CM,3.38e+19,1.02e+19,A.120,298.28,11.92,B.181,2.43,0.79,0,32,C,2.432,PDF p23 Table 1,"R71: read from the PDF restored from git 5dd58d5, 2026-09-27"
carry2012,516,Amherstia,MBA,X,CV,1.43e+18,1.33e+18,,69.84,4.38,B.182,8.01,7.60,0,94,D,8.017,PDF p23 Table 1,"R71: read from the PDF restored from git 5dd58d5, 2026-09-27"
carry2012,532,Herculina,MBA,S,OC,1.15e+19,2.80e+18,A.121,217.49,5.10,B.183,2.12,0.53,36,25,C,2.135,PDF p23 Table 1,"R71: read from the PDF restored from git 5dd58d5, 2026-09-27"
carry2012,536,Merapi,MBA,X,CV,2.61e+19,4.70e+18,A.122,155.17,3.53,B.184,13.36,2.59,0,19,X,13.342,PDF p23 Table 1,"rank printed as a cross: the paper tags this density as unrealistic; R71: read from the PDF restored from git 5dd58d5, 2026-09-27"
carry2012,554,Peraga,MBA,Ch,CI,6.59e+17,6.60e+16,A.123,96.46,1.68,B.185,1.40,0.15,12,11,B,1.402,PDF p23 Table 1,"taxonomy/analog from Clark et al. 2010; R71: read from the PDF restored from git 5dd58d5, 2026-09-27"
carry2012,582,Olympia,MBA,S,OC,4.30e+17,1.17e+18,,43.39,1.49,B.186,10.00,27.35,0,∞,X,10.053,PDF p23 Table 1,"rank printed as a cross: the paper tags this density as unrealistic; R71: read from the PDF restored from git 5dd58d5, 2026-09-27"
carry2012,584,Semiramis,MBA,S,OC,8.23e+17,5.77e+17,,51.78,2.15,B.187,11.31,8.06,0,71,X,11.322,PDF p23 Table 1,"rank printed as a cross: the paper tags this density as unrealistic; R71: read from the PDF restored from git 5dd58d5, 2026-09-27"
carry2012,602,Marianna,MBA,Ch,CM,1.02e+19,5.00e+17,,127.95,2.86,B.188,9.29,0.76,0,8,X,9.300,PDF p23 Table 1,"rank printed as a cross: the paper tags this density as unrealistic; R71: read from the PDF restored from git 5dd58d5, 2026-09-27"
carry2012,604,Tekmessa,MBA,Xc,Mes,1.45e+18,2.80e+17,,64.42,3.01,B.189,10.35,2.46,0,23,X,10.359,PDF p23 Table 1,"rank printed as a cross: the paper tags this density as unrealistic; R71: read from the PDF restored from git 5dd58d5, 2026-09-27"
carry2012,617,Patroclus,MBA,X,CV,1.36e+18,1.10e+17,,143.14,8.37,B.190,0.88,0.17,68,19,B,0.886,PDF p23 Table 1,"R71: read from the PDF restored from git 5dd58d5, 2026-09-27"
carry2012,624,Hektor,MBA,X,CV,9.95e+18,1.20e+17,,226.68,15.15,B.191,1.63,0.32,41,20,C,1.631,PDF p23 Table 1,"R71: read from the PDF restored from git 5dd58d5, 2026-09-27"
carry2012,626,Notburga,MBA,Cb,CM,3.24e+18,1.30e+18,A.124,96.84,4.67,B.192,6.81,2.90,0,42,E,6.814,PDF p23 Table 1,"R71: read from the PDF restored from git 5dd58d5, 2026-09-27"
carry2012,654,Zelinda,MBA,Ch,CM,1.35e+18,1.40e+17,,127.83,5.23,B.193,1.23,0.19,45,15,B,1.234,PDF p23 Table 1,"R71: read from the PDF restored from git 5dd58d5, 2026-09-27"
carry2012,665,Sabine,MBA,X,CV,6.98e+17,3.98e+17,,52.71,0.72,B.194,9.10,5.20,0,57,E,9.103,PDF p23 Table 1,"R71: read from the PDF restored from git 5dd58d5, 2026-09-27"
carry2012,675,Ludmilla,MBA,S,OC,1.20e+19,2.40e+18,,67.66,0.94,,73.99,15.05,0,20,X,73.992,PDF p23 Table 1,"rank printed as a cross: the paper tags this density as unrealistic; R71: read from the PDF restored from git 5dd58d5, 2026-09-27"
carry2012,679,Pax,MBA,L,CO,7.14e+17,1.99e+17,,64.88,3.64,B.195,4.99,1.62,0,32,C,4.993,PDF p23 Table 1,"R71: read from the PDF restored from git 5dd58d5, 2026-09-27"
carry2012,680,Genoveva,MBA,X,CV,2.69e+18,4.00e+16,,84.69,1.71,B.196,8.45,0.52,0,6,X,8.458,PDF p23 Table 1,"rank printed as a cross: the paper tags this density as unrealistic; R71: read from the PDF restored from git 5dd58d5, 2026-09-27"
carry2012,690,Wratislavia,MBA,B,CV,1.28e+19,3.00e+17,,146.21,11.02,B.197,7.81,1.77,0,22,X,7.821,PDF p23 Table 1,"rank printed as a cross: the paper tags this density as unrealistic; R71: read from the PDF restored from git 5dd58d5, 2026-09-27"
carry2012,702,Alauda,MBA,B,CV,6.06e+18,3.60e+18,A.125,191.65,8.22,B.198,1.64,0.99,41,60,D,1.644,PDF p23 Table 1,"R71: read from the PDF restored from git 5dd58d5, 2026-09-27"
carry2012,704,Interamnia,MBA,B,CI,3.28e+19,4.50e+18,A.126,317.19,4.65,B.199,1.96,0.28,0,14,A,1.963,PDF p23 Table 1,"taxonomy/analog from Clark et al. 2010; R71: read from the PDF restored from git 5dd58d5, 2026-09-27"
carry2012,720,Bohlinia,MBA,Sq,OC,5.97e+16,8.00e+15,A.127,34.64,1.81,B.200,2.74,0.56,17,20,C,2.743,PDF p23 Table 1,"R71: read from the PDF restored from git 5dd58d5, 2026-09-27"
carry2012,735,Marghanna,MBA,Ch,CM,2.15e+18,6.80e+17,,72.27,2.22,B.201,10.87,3.56,0,32,X,10.878,PDF p23 Table 1,"rank printed as a cross: the paper tags this density as unrealistic; R71: read from the PDF restored from git 5dd58d5, 2026-09-27"
carry2012,739,Mandeville,MBA,Xc,Mes,1.16e+18,1.07e+18,,105.53,1.68,B.202,1.88,1.74,55,92,D,1.885,PDF p23 Table 1,"R71: read from the PDF restored from git 5dd58d5, 2026-09-27"
carry2012,747,Winchester,MBA,B,CV,3.81e+18,2.22e+18,A.128,170.07,6.70,B.203,1.47,0.87,47,59,D,1.479,PDF p23 Table 1,"R71: read from the PDF restored from git 5dd58d5, 2026-09-27"
carry2012,751,Faina,MBA,Ch,CM,3.27e+18,5.80e+17,A.129,107.31,1.48,B.204,5.05,0.92,0,18,B,5.054,PDF p23 Table 1,"R71: read from the PDF restored from git 5dd58d5, 2026-09-27"
carry2012,758,Mancunia,MBA,X,CV,9.31e+17,8.00e+16,,87.08,1.31,B.205,2.69,0.26,3,9,B,2.693,PDF p23 Table 1,"R71: read from the PDF restored from git 5dd58d5, 2026-09-27"
carry2012,760,Massinga,MBA,S,OC,1.33e+18,1.32e+18,,70.82,0.92,B.206,7.15,7.10,0,99,D,7.151,PDF p23 Table 1,"R71: read from the PDF restored from git 5dd58d5, 2026-09-27"
carry2012,762,Pulcova,MBA,Cb,CM,1.40e+18,1.00e+17,A.130,138.40,5.96,B.207,1.00,0.14,55,14,B,1.009,PDF p23 Table 1,"taxonomy/analog from Clark et al. 2010; R71: read from the PDF restored from git 5dd58d5, 2026-09-27"
carry2012,769,Tatjana,MBA,,CM,6.31e+18,6.40e+17,,106.27,4.02,B.208,10.03,1.52,0,15,X,10.042,PDF p23 Table 1,"rank printed as a cross: the paper tags this density as unrealistic; R71: read from the PDF restored from git 5dd58d5, 2026-09-27"
carry2012,776,Berbericia,MBA,Cgh,CM,2.20e+18,2.71e+18,A.131,152.29,4.25,B.209,1.18,1.46,47,∞,E,1.190,PDF p23 Table 1,"R71: read from the PDF restored from git 5dd58d5, 2026-09-27"
carry2012,784,Pickeringia,MBA,C,CM,3.74e+18,3.20e+17,,82.52,7.18,B.210,12.70,3.49,0,27,X,12.711,PDF p23 Table 1,"rank printed as a cross: the paper tags this density as unrealistic; R71: read from the PDF restored from git 5dd58d5, 2026-09-27"
carry2012,786,Bredichina,MBA,C,CM,2.82e+18,2.79e+18,,98.34,6.00,B.211,5.66,5.69,0,∞,E,5.663,PDF p23 Table 1,"R71: read from the PDF restored from git 5dd58d5, 2026-09-27"
carry2012,790,Pretoria,MBA,X,CV,4.58e+18,2.80e+17,A.132,160.98,11.16,B.212,2.09,0.45,24,21,C,2.097,PDF p24 Table 1,"R71: read from the PDF restored from git 5dd58d5, 2026-09-27"
carry2012,804,Hispania,MBA,C,CM,5.00e+18,1.78e+18,A.133,148.25,4.08,B.213,2.93,1.06,0,36,C,2.931,PDF p24 Table 1,"R71: read from the PDF restored from git 5dd58d5, 2026-09-27"
carry2012,809,Lundia,MBA,V,HED,9.27e+14,3.09e+14,,10.26,0.07,,1.64,0.10,49,6,B,1.639,PDF p24 Table 1,"R71: read from the PDF restored from git 5dd58d5, 2026-09-27"
carry2012,854,Frostia,MBA,V,HED,1.06e+15,9.50e+14,,8.39,1.27,B.214,0.88,0.13,72,14,B,3.428,PDF p24 Table 1,"printed density is not M/V from the printed M and diameter; Table C.1 gives an indirect estimate (lightcurve, radar or assumed) for this body; R71: read from the PDF restored from git 5dd58d5, 2026-09-27"
carry2012,895,Helio,MBA,B,CV,9.87e+18,6.05e+18,A.134,148.43,5.02,B.215,5.76,3.58,0,62,D,5.764,PDF p24 Table 1,"R71: read from the PDF restored from git 5dd58d5, 2026-09-27"
carry2012,914,Palisana,MBA,Ch,CM,2.35e+18,2.40e+17,,81.27,5.34,B.216,8.36,1.85,0,22,X,8.361,PDF p24 Table 1,"rank printed as a cross: the paper tags this density as unrealistic; R71: read from the PDF restored from git 5dd58d5, 2026-09-27"
carry2012,949,Hel,MBA,Xk,Mes,1.73e+18,6.20e+17,,63.56,4.01,B.217,12.86,5.19,0,40,X,12.868,PDF p24 Table 1,"rank printed as a cross: the paper tags this density as unrealistic; R71: read from the PDF restored from git 5dd58d5, 2026-09-27"
carry2012,1013,Tombecka,MBA,Xk,Mes,1.70e+17,1.43e+18,,35.18,2.24,B.218,7.50,62.74,0,∞,E,7.457,PDF p24 Table 1,"R71: read from the PDF restored from git 5dd58d5, 2026-09-27"
carry2012,1015,Christa,MBA,Xc,Mes,4.77e+18,6.80e+17,,99.77,2.46,B.219,9.17,1.46,0,15,X,9.173,PDF p24 Table 1,"rank printed as a cross: the paper tags this density as unrealistic; R71: read from the PDF restored from git 5dd58d5, 2026-09-27"
carry2012,1021,Flammario,MBA,Cb,CM,5.14e+18,1.20e+17,,99.27,3.27,B.220,10.03,1.02,0,10,X,10.035,PDF p24 Table 1,"rank printed as a cross: the paper tags this density as unrealistic; R71: read from the PDF restored from git 5dd58d5, 2026-09-27"
carry2012,1036,Ganymed,NEA,S,OC,1.67e+17,3.18e+17,,34.28,1.38,B.221,7.91,15.10,0,∞,X,7.918,PDF p24 Table 1,"rank printed as a cross: the paper tags this density as unrealistic; R71: read from the PDF restored from git 5dd58d5, 2026-09-27"
carry2012,1089,Tama,MBA,S,OC,8.90e+14,3.20e+14,,13.44,0.61,B.222,2.52,0.29,24,11,B,0.700,PDF p24 Table 1,"printed density is not M/V from the printed M and diameter; Table C.1 gives an indirect estimate (lightcurve, radar or assumed) for this body; R71: read from the PDF restored from git 5dd58d5, 2026-09-27"
carry2012,1171,Rusthawelia,MBA,X,CV,1.81e+18,2.00e+17,,70.98,2.42,B.223,9.66,1.45,0,15,X,9.667,PDF p24 Table 1,"rank printed as a cross: the paper tags this density as unrealistic; R71: read from the PDF restored from git 5dd58d5, 2026-09-27"
carry2012,1313,Berna,MBA,S,OC,2.25e+15,2.00e+15,,13.93,0.64,B.224,1.21,0.14,63,11,B,1.590,PDF p24 Table 1,"printed density is not M/V from the printed M and diameter; Table C.1 gives an indirect estimate (lightcurve, radar or assumed) for this body; R71: read from the PDF restored from git 5dd58d5, 2026-09-27"
carry2012,1669,Dagmar,MBA,Cg,CM,3.98e+16,8.00e+15,A.135,42.99,2.86,B.225,0.95,0.27,57,28,C,0.957,PDF p24 Table 1,"R71: read from the PDF restored from git 5dd58d5, 2026-09-27"
carry2012,1686,De Sitter,MBA,,CM,6.76e+18,3.18e+18,,30.60,1.41,B.226,450.51,220.97,0,49,X,450.592,PDF p24 Table 1,"rank printed as a cross: the paper tags this density as unrealistic; R71: read from the PDF restored from git 5dd58d5, 2026-09-27"
carry2012,3169,Ostro,MBA,Xe,EH,1.86e+14,6.20e+13,,5.15,0.08,,2.59,0.20,25,7,B,2.601,PDF p24 Table 1,"R71: read from the PDF restored from git 5dd58d5, 2026-09-27"
carry2012,3671,Dionysus,NEA,Cb,CM,8.38e+11,2.79e+11,,0.92,0.05,B.227,1.60,0.60,28,37,C,2.055,PDF p24 Table 1,"printed density is not M/V from the printed M and diameter; Table C.1 gives an indirect estimate (lightcurve, radar or assumed) for this body; R71: read from the PDF restored from git 5dd58d5, 2026-09-27"
carry2012,3749,Balam,MBA,S,OC,5.09e+14,2.00e+13,,6.99,3.00,B.228,2.83,3.64,14,∞,E,2.846,PDF p24 Table 1,"R71: read from the PDF restored from git 5dd58d5, 2026-09-27"
carry2012,4492,Debussy,MBA,,CM,3.33e+14,3.00e+14,,15.78,1.91,B.229,0.90,0.10,60,11,B,0.162,PDF p24 Table 1,"printed density is not M/V from the printed M and diameter; Table C.1 gives an indirect estimate (lightcurve, radar or assumed) for this body; R71: read from the PDF restored from git 5dd58d5, 2026-09-27"
carry2012,5381,Sekhmet,NEA,S,OC,1.04e+12,3.50e+11,,1.00,0.10,,1.98,0.65,40,32,C,1.986,PDF p24 Table 1,"R71: read from the PDF restored from git 5dd58d5, 2026-09-27"
carry2012,25143,Itokawa,NEA,S,OC,3.50e+10,1.00e+09,,0.32,0.01,B.230,1.91,0.21,42,11,A,2.040,PDF p24 Table 1,"printed density is not M/V from the printed M and diameter; Table C.1 gives an indirect estimate (lightcurve, radar or assumed) for this body; R71: read from the PDF restored from git 5dd58d5, 2026-09-27"
carry2012,26308,1998 SM165,TNO,,Ice,6.78e+18,2.40e+18,,284.37,5.07,B.231,0.56,0.20,43,35,C,0.563,PDF p24 Table 1,"R71: read from the PDF restored from git 5dd58d5, 2026-09-27"
carry2012,35107,1991 VH,NEA,Sq,OC,1.40e+12,1.40e+11,,1.13,0.01,B.232,1.50,0.50,54,33,C,1.853,PDF p24 Table 1,"printed density is not M/V from the printed M and diameter; Table C.1 gives an indirect estimate (lightcurve, radar or assumed) for this body; R71: read from the PDF restored from git 5dd58d5, 2026-09-27"
carry2012,42355,Typhon,TNO,,Ice,9.49e+17,5.20e+16,,181.70,5.10,B.233,0.30,0.03,69,10,B,0.302,PDF p24 Table 1,"R71: read from the PDF restored from git 5dd58d5, 2026-09-27"
carry2012,47171,1999 TC36,TNO,,Ice,1.42e+19,2.00e+17,A.136,402.46,9.40,B.234,0.41,0.03,58,7,B,0.416,PDF p24 Table 1,"R71: read from the PDF restored from git 5dd58d5, 2026-09-27"
carry2012,50000,Quaoar,TNO,,Ice,1.60e+21,3.00e+20,,946.58,137.26,B.235,3.60,1.70,0,47,C,3.603,PDF p24 Table 1,"R71: read from the PDF restored from git 5dd58d5, 2026-09-27"
carry2012,58534,Logos,TNO,,Ice,2.70e+17,3.00e+16,,110.00,40.00,,0.38,0.42,61,∞,E,0.387,PDF p24 Table 1,"R71: read from the PDF restored from git 5dd58d5, 2026-09-27"
carry2012,65489,Ceto,TNO,,Ice,5.41e+18,4.20e+17,,250.58,28.70,B.236,0.65,0.23,34,35,C,0.657,PDF p24 Table 1,"R71: read from the PDF restored from git 5dd58d5, 2026-09-27"
carry2012,65803,Didymos,NEA,,CM,5.24e+11,5.20e+10,,0.80,0.08,,1.90,0.53,15,28,C,1.955,PDF p24 Table 1,"printed density is not M/V from the printed M and diameter; Table C.1 gives an indirect estimate (lightcurve, radar or assumed) for this body; R71: read from the PDF restored from git 5dd58d5, 2026-09-27"
carry2012,66063,1998 RO1,NEA,S,OC,3.60e+11,1.80e+11,,0.68,0.11,B.237,2.79,1.47,15,52,D,2.187,PDF p24 Table 1,"printed density is not M/V from the printed M and diameter; Table C.1 gives an indirect estimate (lightcurve, radar or assumed) for this body; R71: read from the PDF restored from git 5dd58d5, 2026-09-27"
carry2012,66391,1999 KW4,NEA,S,OC,2.35e+12,1.00e+11,,1.31,0.03,,1.80,0.29,45,16,B,1.996,PDF p24 Table 1,"printed density is not M/V from the printed M and diameter; Table C.1 gives an indirect estimate (lightcurve, radar or assumed) for this body; R71: read from the PDF restored from git 5dd58d5, 2026-09-27"
carry2012,66652,Borasisi,TNO,,Ice,3.75e+18,4.00e+17,,447.00,90.00,,0.08,0.04,91,61,D,0.080,PDF p24 Table 1,"R71: read from the PDF restored from git 5dd58d5, 2026-09-27"
carry2012,88611,2001 QT297,TNO,,Ice,2.36e+18,1.00e+16,A.137,225.00,75.00,,0.39,0.39,60,∞,E,0.396,PDF p24 Table 1,"R71: read from the PDF restored from git 5dd58d5, 2026-09-27"
carry2012,90482,Orcus,TNO,,Ice,6.34e+20,3.00e+18,A.138,915.50,42.58,B.238,1.57,0.22,0,13,B,1.578,PDF p24 Table 1,"R71: read from the PDF restored from git 5dd58d5, 2026-09-27"
carry2012,134340,Pluto,TNO,,Ice,1.30e+22,1.00e+20,,2390.00,10.00,,1.81,0.02,0,1,A,1.819,PDF p24 Table 1,"R71: read from the PDF restored from git 5dd58d5, 2026-09-27"
carry2012,134860,2000 OJ67,TNO,,Ice,2.14e+18,1.10e+17,,190.00,65.00,,0.59,0.61,40,∞,E,0.596,PDF p24 Table 1,"R71: read from the PDF restored from git 5dd58d5, 2026-09-27"
carry2012,136108,Haumea,TNO,,Ice,4.01e+21,4.00e+19,A.139,1244.99,92.39,B.239,3.96,0.88,0,22,C,3.969,PDF p24 Table 1,"R71: read from the PDF restored from git 5dd58d5, 2026-09-27"
carry2012,136199,Eris,TNO,,Ice,1.66e+22,2.00e+20,,2357.83,75.19,B.240,2.41,0.23,0,9,B,2.419,PDF p24 Table 1,"R71: read from the PDF restored from git 5dd58d5, 2026-09-27"
carry2012,136617,1994 CC,NEA,,CM,2.59e+11,1.30e+10,,0.62,0.06,,2.07,0.61,7,29,C,2.076,PDF p24 Table 1,"R71: read from the PDF restored from git 5dd58d5, 2026-09-27"
carry2012,153591,2001 SN263,NEA,,CM,9.17e+12,2.00e+10,,2.59,0.20,,0.99,0.22,55,23,C,1.008,PDF p24 Table 1,"printed density is not M/V from the printed M and diameter; Table C.1 gives an indirect estimate (lightcurve, radar or assumed) for this body; R71: read from the PDF restored from git 5dd58d5, 2026-09-27"
carry2012,164121,2003 YT1,NEA,,CM,1.27e+12,3.90e+11,,1.08,0.01,B.241,1.90,0.59,15,31,C,1.925,PDF p24 Table 1,"printed density is not M/V from the printed M and diameter; Table C.1 gives an indirect estimate (lightcurve, radar or assumed) for this body; R71: read from the PDF restored from git 5dd58d5, 2026-09-27"
carry2012,175706,1996 FG3,NEA,C,CM,4.27e+12,1.42e+12,,1.75,0.06,B.242,1.36,0.65,39,47,C,1.522,PDF p24 Table 1,"printed density is not M/V from the printed M and diameter; Table C.1 gives an indirect estimate (lightcurve, radar or assumed) for this body; R71: read from the PDF restored from git 5dd58d5, 2026-09-27"
carry2012,185851,2000 DP107,NEA,,CM,4.60e+11,5.00e+10,,1.63,0.35,,0.95,1.04,57,∞,E,0.203,PDF p24 Table 1,"printed density is not M/V from the printed M and diameter; Table C.1 gives an indirect estimate (lightcurve, radar or assumed) for this body; R71: read from the PDF restored from git 5dd58d5, 2026-09-27"
carry2012,276049,2002 CE26,NEA,C,CM,1.95e+13,2.50e+12,,3.46,0.35,,0.89,0.29,60,32,C,0.899,PDF p24 Table 1,"R71: read from the PDF restored from git 5dd58d5, 2026-09-27"
carry2012,311066,2004 DC,NEA,,CM,3.57e+10,3.60e+09,,0.34,0.03,,1.73,0.49,22,28,C,1.735,PDF p24 Table 1,"R71: read from the PDF restored from git 5dd58d5, 2026-09-27"
carry2012,,1999 OJ4,TNO,,Ice,3.91e+17,2.20e+16,,130.00,45.00,,0.33,0.35,66,∞,E,0.340,PDF p25 Table 1,"R71: read from the PDF restored from git 5dd58d5, 2026-09-27"
carry2012,,2000 CF105,TNO,,Ice,1.85e+17,1.20e+16,,188.00,38.00,,0.05,0.03,94,60,X,0.053,PDF p25 Table 1,"rank printed as a cross: the paper tags this density as unrealistic; R71: read from the PDF restored from git 5dd58d5, 2026-09-27"
carry2012,,2000 QL251,TNO,,Ice,3.11e+18,5.00e+16,,150.00,50.00,,1.75,1.76,0,∞,E,1.760,PDF p25 Table 1,"R71: read from the PDF restored from git 5dd58d5, 2026-09-27"
carry2012,,2000 UG11,NEA,,CM,9.35e+09,1.59e+09,,0.30,0.10,,0.66,0.67,70,∞,E,0.661,PDF p25 Table 1,"R71: read from the PDF restored from git 5dd58d5, 2026-09-27"
carry2012,,2001 QC298,TNO,,Ice,1.08e+19,7.00e+17,,244.00,55.00,,1.41,0.96,0,67,D,1.420,PDF p25 Table 1,"R71: read from the PDF restored from git 5dd58d5, 2026-09-27"
carry2012,,2001 QW322,TNO,,Ice,2.15e+18,1.80e+17,,128.00,3.00,,1.00,1.00,0,∞,X,1.958,PDF p25 Table 1,"rank printed as a cross: the paper tags this density as unrealistic; printed density is not M/V from the printed M and diameter; Table C.1 gives an indirect estimate (lightcurve, radar or assumed) for this body; R71: read from the PDF restored from git 5dd58d5, 2026-09-27"
carry2012,,2001 XR254,TNO,,Ice,4.00e+18,1.70e+17,,225.00,75.00,,0.67,0.67,32,∞,E,0.671,PDF p25 Table 1,"R71: read from the PDF restored from git 5dd58d5, 2026-09-27"
carry2012,,2003 QY90,TNO,,Ice,1.01e+18,7.80e+17,,150.00,50.00,,0.57,0.72,42,∞,E,0.572,PDF p25 Table 1,"R71: read from the PDF restored from git 5dd58d5, 2026-09-27"
carry2012,,2003 TJ58,TNO,,Ice,2.25e+17,1.50e+16,,75.00,25.00,,1.01,1.02,0,∞,E,1.019,PDF p25 Table 1,"R71: read from the PDF restored from git 5dd58d5, 2026-09-27"
carry2012,,2003 UN284,TNO,,Ice,1.31e+18,2.60e+17,,124.00,8.00,,1.00,1.00,0,∞,X,1.312,PDF p25 Table 1,"rank printed as a cross: the paper tags this density as unrealistic; printed density is not M/V from the printed M and diameter; Table C.1 gives an indirect estimate (lightcurve, radar or assumed) for this body; R71: read from the PDF restored from git 5dd58d5, 2026-09-27"
carry2012,,2004 PB108,TNO,,Ice,9.68e+18,5.70e+17,,140.00,50.00,,6.73,7.22,0,∞,E,6.737,PDF p25 Table 1,"R71: read from the PDF restored from git 5dd58d5, 2026-09-27"
carry2012,,2005 EO304,TNO,,Ice,2.10e+18,8.00e+16,,152.00,2.00,,1.00,1.00,0,∞,X,1.142,PDF p25 Table 1,"rank printed as a cross: the paper tags this density as unrealistic; printed density is not M/V from the printed M and diameter; Table C.1 gives an indirect estimate (lightcurve, radar or assumed) for this body; R71: read from the PDF restored from git 5dd58d5, 2026-09-27"
carry2012,,2006 BR284,TNO,,Ice,5.70e+17,1.90e+16,,89.80,0.90,,1.00,1.00,0,∞,X,1.503,PDF p25 Table 1,"rank printed as a cross: the paper tags this density as unrealistic; printed density is not M/V from the printed M and diameter; Table C.1 gives an indirect estimate (lightcurve, radar or assumed) for this body; R71: read from the PDF restored from git 5dd58d5, 2026-09-27"
carry2012,,2006 JZ81,TNO,,Ice,1.18e+18,5.10e+17,,122.00,16.00,,1.00,1.00,0,∞,X,1.241,PDF p25 Table 1,"rank printed as a cross: the paper tags this density as unrealistic; printed density is not M/V from the printed M and diameter; Table C.1 gives an indirect estimate (lightcurve, radar or assumed) for this body; R71: read from the PDF restored from git 5dd58d5, 2026-09-27"
carry2012,,2006 CH69,TNO,,Ice,8.30e+17,2.75e+17,,99.99,11.00,,1.00,1.00,0,∞,X,1.586,PDF p25 Table 1,"rank printed as a cross: the paper tags this density as unrealistic; printed density is not M/V from the printed M and diameter; Table C.1 gives an indirect estimate (lightcurve, radar or assumed) for this body; R71: read from the PDF restored from git 5dd58d5, 2026-09-27"
carry2012,,2007 TY430,TNO,,Ice,7.90e+17,2.10e+17,,50.00,20.00,,0.75,1.00,25,∞,X,12.070,PDF p25 Table 1,"rank printed as a cross: the paper tags this density as unrealistic; printed density is not M/V from the printed M and diameter; Table C.1 gives an indirect estimate (lightcurve, radar or assumed) for this body; R71: read from the PDF restored from git 5dd58d5, 2026-09-27"
carry2012,,1P/Halley,COM,,Ice,3.20e+14,1.20e+14,,10.39,2.00,,0.54,0.37,45,68,D,0.545,PDF p25 Table 1,"R71: read from the PDF restored from git 5dd58d5, 2026-09-27"
carry2012,,2P/Encke,COM,,Ice,9.20e+13,5.80e+13,,4.71,0.81,B.243,1.67,1.36,0,81,D,1.682,PDF p25 Table 1,"R71: read from the PDF restored from git 5dd58d5, 2026-09-27"
carry2012,,6P/dArest,COM,,Ice,2.80e+12,8.00e+11,,1.70,0.20,,1.08,0.49,0,45,C,1.088,PDF p25 Table 1,"R71: read from the PDF restored from git 5dd58d5, 2026-09-27"
carry2012,,9P/Tempel1,COM,,Ice,5.48e+13,5.60e+12,A.140,6.00,0.20,B.244,0.48,0.06,51,14,B,0.485,PDF p25 Table 1,"R71: read from the PDF restored from git 5dd58d5, 2026-09-27"
carry2012,,10P/Tempel2,COM,,Ice,3.50e+14,1.50e+14,,9.60,1.39,,0.75,0.46,24,61,D,0.756,PDF p25 Table 1,"R71: read from the PDF restored from git 5dd58d5, 2026-09-27"
carry2012,,19P/Borrely,COM,,Ice,2.70e+12,2.10e+12,,4.80,0.40,,0.12,0.09,87,77,X,0.047,PDF p25 Table 1,"rank printed as a cross: the paper tags this density as unrealistic; printed density is not M/V from the printed M and diameter; Table C.1 gives an indirect estimate (lightcurve, radar or assumed) for this body; R71: read from the PDF restored from git 5dd58d5, 2026-09-27"
carry2012,,22P/Kopff,COM,,Ice,5.30e+12,2.20e+12,,3.59,0.40,,0.21,0.11,78,53,D,0.219,PDF p25 Table 1,"R71: read from the PDF restored from git 5dd58d5, 2026-09-27"
carry2012,,45P/H-M-P,COM,,Ice,1.90e+11,3.50e+11,,0.66,0.20,,1.26,2.59,0,∞,E,1.262,PDF p25 Table 1,"R71: read from the PDF restored from git 5dd58d5, 2026-09-27"
carry2012,,46P/Wirtanen,COM,,Ice,3.30e+11,2.30e+11,,1.15,0.06,,0.40,0.28,59,71,D,0.414,PDF p25 Table 1,"printed density is not M/V from the printed M and diameter; Table C.1 gives an indirect estimate (lightcurve, radar or assumed) for this body; R71: read from the PDF restored from git 5dd58d5, 2026-09-27"
carry2012,,67P/C-G,COM,,Ice,1.50e+13,6.00e+12,,2.96,0.10,B.245,0.43,0.37,56,85,D,1.105,PDF p25 Table 1,"printed density is not M/V from the printed M and diameter; Table C.1 gives an indirect estimate (lightcurve, radar or assumed) for this body; R71: read from the PDF restored from git 5dd58d5, 2026-09-27"
carry2012,,81P/Wild2,COM,,Ice,8.10e+12,8.10e+11,,2.08,0.06,B.246,0.70,0.10,30,14,B,1.719,PDF p25 Table 1,"printed density is not M/V from the printed M and diameter; Table C.1 gives an indirect estimate (lightcurve, radar or assumed) for this body; R71: read from the PDF restored from git 5dd58d5, 2026-09-27"
carry2012,,SL9,COM,,Ice,1.53e+12,1.50e+11,,1.79,0.18,,0.50,0.05,50,10,B,0.509,PDF p25 Table 1,"R71: read from the PDF restored from git 5dd58d5, 2026-09-27"
