source_id,table,sample,sample_no,type,fall_find,mass_g,n_measurements_used,avg_density_gcm3,std_dev_gcm3,median_density_gcm3,high_density_gcm3,low_density_gcm3,pct_error_precision,location_in_source,notes
wilkinson_robinson_2000,Table 2,Soko-Banja,ME 1374,LL4,fall,39.87,32,3.28,0.05,3.27,3.38,3.20,1.5,journal p1206 (PDF p4) Table 2,"R73; read from the ADS scan (articles.adsabs.harvard.edu 2000M&PS...35.1203W, 356,939 bytes, sha256 da22b808...) page images; extract only"
wilkinson_robinson_2000,Table 2,Alta'ameem,ME 2791,LL5,fall,30.22,32,3.29,0.06,3.28,3.42,3.18,1.7,journal p1206 (PDF p4) Table 2,"R73; read from the ADS scan (articles.adsabs.harvard.edu 2000M&PS...35.1203W, 356,939 bytes, sha256 da22b808...) page images; extract only"
wilkinson_robinson_2000,Table 2,Siena,ME 1698,LL5,fall,51.50,32,3.46,0.03,3.46,3.52,3.43,0.7,journal p1206 (PDF p4) Table 2,"R73; read from the ADS scan (articles.adsabs.harvard.edu 2000M&PS...35.1203W, 356,939 bytes, sha256 da22b808...) page images; extract only"
wilkinson_robinson_2000,Table 2,Bandong,ME 1753,LL6,fall,16.97,32,3.17,0.06,3.18,3.27,3.07,1.9,journal p1206 (PDF p4) Table 2,"R73; read from the ADS scan (articles.adsabs.harvard.edu 2000M&PS...35.1203W, 356,939 bytes, sha256 da22b808...) page images; extract only"
wilkinson_robinson_2000,Table 2,Manbhoom,ME 1620,LL6,fall,11.14,32,3.10,0.04,3.11,3.16,3.02,1.4,journal p1206 (PDF p4) Table 2,"R73; read from the ADS scan (articles.adsabs.harvard.edu 2000M&PS...35.1203W, 356,939 bytes, sha256 da22b808...) page images; extract only"
wilkinson_robinson_2000,Table 2,Ausson,ME 272,L5,fall,21.91,32,3.22,0.06,3.22,3.34,3.12,1.7,journal p1206 (PDF p4) Table 2,"R73; read from the ADS scan (articles.adsabs.harvard.edu 2000M&PS...35.1203W, 356,939 bytes, sha256 da22b808...) page images; extract only"
wilkinson_robinson_2000,Table 2,Chandakapur,ME 1800,L5,fall,68.46,32,3.40,0.04,3.40,3.45,3.32,1.3,journal p1206 (PDF p4) Table 2,"R73; read from the ADS scan (articles.adsabs.harvard.edu 2000M&PS...35.1203W, 356,939 bytes, sha256 da22b808...) page images; extract only"
wilkinson_robinson_2000,Table 2,Aumieres,ME 1741,L6,fall,19.23,32,3.25,0.04,3.24,3.31,3.17,1.2,journal p1206 (PDF p4) Table 2,"R73; read from the ADS scan (articles.adsabs.harvard.edu 2000M&PS...35.1203W, 356,939 bytes, sha256 da22b808...) page images; extract only"
wilkinson_robinson_2000,Table 2,Aumale,ME 599,L6,fall,50.32,32,3.43,0.03,3.43,3.48,3.38,0.9,journal p1206 (PDF p4) Table 2,"R73; read from the ADS scan (articles.adsabs.harvard.edu 2000M&PS...35.1203W, 356,939 bytes, sha256 da22b808...) page images; extract only"
wilkinson_robinson_2000,Table 2,Chantonnay,ME 1790,L6,fall,46.18,32,3.57,0.04,3.58,3.63,3.45,1.2,journal p1206 (PDF p4) Table 2,"R73; read from the ADS scan (articles.adsabs.harvard.edu 2000M&PS...35.1203W, 356,939 bytes, sha256 da22b808...) page images; extract only"
wilkinson_robinson_2000,Table 2,Colby (WI),ME 1990,L6,fall,34.32,32,3.48,0.03,3.47,3.54,3.40,1.0,journal p1206 (PDF p4) Table 2,"R73; read from the ADS scan (articles.adsabs.harvard.edu 2000M&PS...35.1203W, 356,939 bytes, sha256 da22b808...) page images; extract only"
wilkinson_robinson_2000,Table 2,Kuleschovka,ME 1350,L6,fall,13.77,32,3.11,0.05,3.10,3.22,3.02,1.7,journal p1206 (PDF p4) Table 2,"R73; read from the ADS scan (articles.adsabs.harvard.edu 2000M&PS...35.1203W, 356,939 bytes, sha256 da22b808...) page images; extract only"
wilkinson_robinson_2000,Table 2,L'Aigle,ME 219,L6,fall,110.77,32,3.43,0.02,3.43,3.45,3.40,0.4,journal p1206 (PDF p4) Table 2,"R73; read from the ADS scan (articles.adsabs.harvard.edu 2000M&PS...35.1203W, 356,939 bytes, sha256 da22b808...) page images; extract only"
wilkinson_robinson_2000,Table 2,Modoc (1905),ME 744,L6,fall,104.84,32,3.35,0.04,3.34,3.43,3.29,1.2,journal p1206 (PDF p4) Table 2,"R73; read from the ADS scan (articles.adsabs.harvard.edu 2000M&PS...35.1203W, 356,939 bytes, sha256 da22b808...) page images; extract only"
wilkinson_robinson_2000,Table 2,Tourinnes-la-grosse,ME 1796,L6,fall,11.32,32,3.13,0.07,3.13,3.28,3.03,2.3,journal p1206 (PDF p4) Table 2,"R73; read from the ADS scan (articles.adsabs.harvard.edu 2000M&PS...35.1203W, 356,939 bytes, sha256 da22b808...) page images; extract only"
wilkinson_robinson_2000,Table 2,Vouille,ME 1662,L6,fall,56.67,32,3.46,0.04,3.45,3.52,3.36,1.1,journal p1206 (PDF p4) Table 2,"R73; read from the ADS scan (articles.adsabs.harvard.edu 2000M&PS...35.1203W, 356,939 bytes, sha256 da22b808...) page images; extract only"
wilkinson_robinson_2000,Table 2,Beaver Creek,ME 353,H4,fall,14.24,32,3.11,0.07,3.11,3.28,2.99,2.3,journal p1206 (PDF p4) Table 2,"R73; read from the ADS scan (articles.adsabs.harvard.edu 2000M&PS...35.1203W, 356,939 bytes, sha256 da22b808...) page images; extract only"
wilkinson_robinson_2000,Table 2,Forest Vale,ME 2986,H4,fall,27.92,32,3.19,0.07,3.20,3.33,3.05,2.2,journal p1206 (PDF p4) Table 2,"R73; read from the ADS scan (articles.adsabs.harvard.edu 2000M&PS...35.1203W, 356,939 bytes, sha256 da22b808...) page images; extract only"
wilkinson_robinson_2000,Table 2,Weston,ME 1836,H4,fall,79.28,32,3.31,0.03,3.31,3.37,3.26,0.8,journal p1206 (PDF p4) Table 2,"R73; read from the ADS scan (articles.adsabs.harvard.edu 2000M&PS...35.1203W, 356,939 bytes, sha256 da22b808...) page images; extract only"
wilkinson_robinson_2000,Table 2,Ambapur Nagla,ME 1575,H5,fall,12.73,32,2.87,0.05,2.87,2.96,2.79,1.6,journal p1206 (PDF p4) Table 2,"R73; read from the ADS scan (articles.adsabs.harvard.edu 2000M&PS...35.1203W, 356,939 bytes, sha256 da22b808...) page images; extract only"
wilkinson_robinson_2000,Table 2,Cangas de Onis,ME 1842,H5,fall,53.68,32,3.66,0.04,3.66,3.73,3.58,1.2,journal p1206 (PDF p4) Table 2,"R73; read from the ADS scan (articles.adsabs.harvard.edu 2000M&PS...35.1203W, 356,939 bytes, sha256 da22b808...) page images; extract only"
wilkinson_robinson_2000,Table 2,Favars,ME 1838,H5,fall,20.98,32,3.42,0.03,3.42,3.47,3.36,0.8,journal p1206 (PDF p4) Table 2,"R73; read from the ADS scan (articles.adsabs.harvard.edu 2000M&PS...35.1203W, 356,939 bytes, sha256 da22b808...) page images; extract only"
wilkinson_robinson_2000,Table 2,Forest City,ME 340,H5,fall,30.82,32,3.32,0.02,3.32,3.37,3.27,0.7,journal p1206 (PDF p4) Table 2,"R73; read from the ADS scan (articles.adsabs.harvard.edu 2000M&PS...35.1203W, 356,939 bytes, sha256 da22b808...) page images; extract only"
wilkinson_robinson_2000,Table 2,Macau,ME 1641,H5,fall,12.29,32,3.37,0.05,3.36,3.46,3.27,1.4,journal p1206 (PDF p4) Table 2,"R73; read from the ADS scan (articles.adsabs.harvard.edu 2000M&PS...35.1203W, 356,939 bytes, sha256 da22b808...) page images; extract only"
wilkinson_robinson_2000,Table 2,Pultusk 1,NWU,H5,fall,19.82,32,3.48,0.02,3.48,3.52,3.42,0.7,journal p1206 (PDF p4) Table 2,"R73; read from the ADS scan (articles.adsabs.harvard.edu 2000M&PS...35.1203W, 356,939 bytes, sha256 da22b808...) page images; extract only"
wilkinson_robinson_2000,Table 2,Pultusk 2,ME 291,H5,fall,80.14,32,3.63,0.03,3.64,3.68,3.56,0.8,journal p1206 (PDF p4) Table 2,"R73; read from the ADS scan (articles.adsabs.harvard.edu 2000M&PS...35.1203W, 356,939 bytes, sha256 da22b808...) page images; extract only"
wilkinson_robinson_2000,Table 2,Pultusk 3,ME 291,H5,fall,61.53,32,3.54,0.03,3.55,3.58,3.49,0.7,journal p1206 (PDF p4) Table 2,"R73; read from the ADS scan (articles.adsabs.harvard.edu 2000M&PS...35.1203W, 356,939 bytes, sha256 da22b808...) page images; extract only"
wilkinson_robinson_2000,Table 2,Butsura,ME 1884,H6,fall,24.33,32,3.29,0.06,3.29,3.40,3.12,1.8,journal p1206 (PDF p4) Table 2,"R73; read from the ADS scan (articles.adsabs.harvard.edu 2000M&PS...35.1203W, 356,939 bytes, sha256 da22b808...) page images; extract only"
wilkinson_robinson_2000,Table 2,Estacado,ME 760,H6,find,11.96,32,3.56,0.06,3.56,3.66,3.46,1.5,journal p1206 (PDF p4) Table 2,"R73; read from the ADS scan (articles.adsabs.harvard.edu 2000M&PS...35.1203W, 356,939 bytes, sha256 da22b808...) page images; extract only"
wilkinson_robinson_2000,Table 2,Guarena,ME 1539,H6,fall,14.36,32,3.45,0.05,3.44,3.55,3.36,1.5,journal p1206 (PDF p4) Table 2,"R73; read from the ADS scan (articles.adsabs.harvard.edu 2000M&PS...35.1203W, 356,939 bytes, sha256 da22b808...) page images; extract only"
wilkinson_robinson_2000,Table 2,Kernouve,ME 1484,H6,fall,98.02,32,3.64,0.03,3.65,3.72,3.59,0.9,journal p1206 (PDF p4) Table 2,"R73; read from the ADS scan (articles.adsabs.harvard.edu 2000M&PS...35.1203W, 356,939 bytes, sha256 da22b808...) page images; extract only"
wilkinson_robinson_2000,Table 3,Olivenza,ME 2094,LL5,fall,36.48,9,3.31,0.04,3.31,3.36,3.25,1.3,journal p1207 (PDF p5) Table 3,"R73; read from the ADS scan (articles.adsabs.harvard.edu 2000M&PS...35.1203W, 356,939 bytes, sha256 da22b808...) page images; extract only"
wilkinson_robinson_2000,Table 3,Ensisheim,ME 1739,LL6,fall,36.34,9,3.62,0.04,3.62,3.69,3.55,1.2,journal p1207 (PDF p5) Table 3,"R73; read from the ADS scan (articles.adsabs.harvard.edu 2000M&PS...35.1203W, 356,939 bytes, sha256 da22b808...) page images; extract only"
wilkinson_robinson_2000,Table 3,Jelica,ME 1353,LL6,fall,28.39,9,3.10,0.03,3.10,3.15,3.05,0.9,journal p1207 (PDF p5) Table 3,"R73; read from the ADS scan (articles.adsabs.harvard.edu 2000M&PS...35.1203W, 356,939 bytes, sha256 da22b808...) page images; extract only"
wilkinson_robinson_2000,Table 3,Ottawa,ME 1691,LL6,fall,35.74,9,3.29,0.03,3.28,3.33,3.26,0.9,journal p1207 (PDF p5) Table 3,"R73; read from the ADS scan (articles.adsabs.harvard.edu 2000M&PS...35.1203W, 356,939 bytes, sha256 da22b808...) page images; extract only"
wilkinson_robinson_2000,Table 3,Mezo-Madaras,ME 1607,L3,fall,66.47,9,3.64,0.02,3.64,3.68,3.60,0.6,journal p1207 (PDF p5) Table 3,"R73; read from the ADS scan (articles.adsabs.harvard.edu 2000M&PS...35.1203W, 356,939 bytes, sha256 da22b808...) page images; extract only"
wilkinson_robinson_2000,Table 3,Santa Barbara,ME 1851,L4,fall,41.24,9,3.50,0.04,3.51,3.57,3.44,1.2,journal p1207 (PDF p5) Table 3,"R73; read from the ADS scan (articles.adsabs.harvard.edu 2000M&PS...35.1203W, 356,939 bytes, sha256 da22b808...) page images; extract only"
wilkinson_robinson_2000,Table 3,Nagy-Borove,ME 1605,L5,fall,26.43,9,3.37,0.04,3.38,3.42,3.31,1.1,journal p1207 (PDF p5) Table 3,"R73; read from the ADS scan (articles.adsabs.harvard.edu 2000M&PS...35.1203W, 356,939 bytes, sha256 da22b808...) page images; extract only"
wilkinson_robinson_2000,Table 3,Apt,ME 1472,L6,fall,34.49,9,3.73,0.04,3.74,3.77,3.68,1.0,journal p1207 (PDF p5) Table 3,"R73; read from the ADS scan (articles.adsabs.harvard.edu 2000M&PS...35.1203W, 356,939 bytes, sha256 da22b808...) page images; extract only"
wilkinson_robinson_2000,Table 3,Buschhof,ME 1473,L6,fall,21.14,9,3.18,0.03,3.18,3.23,3.14,1.1,journal p1207 (PDF p5) Table 3,"R73; read from the ADS scan (articles.adsabs.harvard.edu 2000M&PS...35.1203W, 356,939 bytes, sha256 da22b808...) page images; extract only"
wilkinson_robinson_2000,Table 3,Chateau Renard,ME 1805,L6,fall,35.66,9,3.53,0.03,3.53,3.58,3.48,0.9,journal p1207 (PDF p5) Table 3,"R73; read from the ADS scan (articles.adsabs.harvard.edu 2000M&PS...35.1203W, 356,939 bytes, sha256 da22b808...) page images; extract only"
wilkinson_robinson_2000,Table 3,Girgenti,ME 2412,L6,fall,105.84,9,3.38,0.02,3.38,3.41,3.34,0.6,journal p1207 (PDF p5) Table 3,"R73; read from the ADS scan (articles.adsabs.harvard.edu 2000M&PS...35.1203W, 356,939 bytes, sha256 da22b808...) page images; extract only"
wilkinson_robinson_2000,Table 3,Grossliebenthal,ME 785,L6,fall,24.18,9,3.24,0.04,3.24,3.31,3.20,1.2,journal p1207 (PDF p5) Table 3,"R73; read from the ADS scan (articles.adsabs.harvard.edu 2000M&PS...35.1203W, 356,939 bytes, sha256 da22b808...) page images; extract only"
wilkinson_robinson_2000,Table 3,Holbrook,ME 2017,L6,fall,57.30,9,3.36,0.03,3.37,3.40,3.32,0.9,journal p1207 (PDF p5) Table 3,"R73; read from the ADS scan (articles.adsabs.harvard.edu 2000M&PS...35.1203W, 356,939 bytes, sha256 da22b808...) page images; extract only"
wilkinson_robinson_2000,Table 3,Kyushu,ME 1785,L6,fall,54.31,9,3.58,0.02,3.58,3.61,3.56,0.5,journal p1207 (PDF p5) Table 3,"R73; read from the ADS scan (articles.adsabs.harvard.edu 2000M&PS...35.1203W, 356,939 bytes, sha256 da22b808...) page images; extract only"
wilkinson_robinson_2000,Table 3,La Criolla,ME 3132,L6,fall,80.62,9,3.57,0.03,3.58,3.61,3.53,0.8,journal p1207 (PDF p5) Table 3,"R73; read from the ADS scan (articles.adsabs.harvard.edu 2000M&PS...35.1203W, 356,939 bytes, sha256 da22b808...) page images; extract only"
wilkinson_robinson_2000,Table 3,Lissa,ME 510,L6,fall,30.09,9,3.29,0.03,3.29,3.34,3.25,0.8,journal p1207 (PDF p5) Table 3,"R73; read from the ADS scan (articles.adsabs.harvard.edu 2000M&PS...35.1203W, 356,939 bytes, sha256 da22b808...) page images; extract only"
wilkinson_robinson_2000,Table 3,Lundsgard,ME 1399,L6,fall,21.50,9,3.38,0.05,3.38,3.45,3.33,1.4,journal p1207 (PDF p5) Table 3,"R73; read from the ADS scan (articles.adsabs.harvard.edu 2000M&PS...35.1203W, 356,939 bytes, sha256 da22b808...) page images; extract only"
wilkinson_robinson_2000,Table 3,Mauerkirchen,ME 211,L6,fall,105.47,9,3.34,0.03,3.34,3.37,3.30,0.8,journal p1207 (PDF p5) Table 3,"R73; read from the ADS scan (articles.adsabs.harvard.edu 2000M&PS...35.1203W, 356,939 bytes, sha256 da22b808...) page images; extract only"
wilkinson_robinson_2000,Table 3,Mocs,ME 330,L6,fall,39.51,9,3.29,0.02,3.28,3.32,3.26,0.7,journal p1207 (PDF p5) Table 3,"R73; read from the ADS scan (articles.adsabs.harvard.edu 2000M&PS...35.1203W, 356,939 bytes, sha256 da22b808...) page images; extract only"
wilkinson_robinson_2000,Table 3,Nerft,ME 585,L6,fall,43.63,9,3.57,0.06,3.60,3.64,3.48,1.8,journal p1207 (PDF p5) Table 3,"R73; read from the ADS scan (articles.adsabs.harvard.edu 2000M&PS...35.1203W, 356,939 bytes, sha256 da22b808...) page images; extract only"
wilkinson_robinson_2000,Table 3,Patrimonio,ME 2882,L6,fall,17.46,9,3.39,0.05,3.37,3.49,3.31,1.6,journal p1207 (PDF p5) Table 3,"R73; read from the ADS scan (articles.adsabs.harvard.edu 2000M&PS...35.1203W, 356,939 bytes, sha256 da22b808...) page images; extract only"
wilkinson_robinson_2000,Table 3,Putinga,ME 3007,L6,fall,14.47,9,3.43,0.08,3.43,3.57,3.32,2.4,journal p1207 (PDF p5) Table 3,"R73; read from the ADS scan (articles.adsabs.harvard.edu 2000M&PS...35.1203W, 356,939 bytes, sha256 da22b808...) page images; extract only"
wilkinson_robinson_2000,Table 3,Schonenberg,ME 1853,L6,fall,23.75,9,3.50,0.05,3.49,3.57,3.45,1.3,journal p1207 (PDF p5) Table 3,"R73; read from the ADS scan (articles.adsabs.harvard.edu 2000M&PS...35.1203W, 356,939 bytes, sha256 da22b808...) page images; extract only"
wilkinson_robinson_2000,Table 3,Bremervorde,ME 438,H3,fall,54.89,9,3.65,0.04,3.64,3.71,3.58,1.2,journal p1207 (PDF p5) Table 3,"R73; read from the ADS scan (articles.adsabs.harvard.edu 2000M&PS...35.1203W, 356,939 bytes, sha256 da22b808...) page images; extract only"
wilkinson_robinson_2000,Table 3,Conquista,ME 3000,H4,fall,12.89,9,3.39,0.06,3.39,3.53,3.31,1.8,journal p1207 (PDF p5) Table 3,"R73; read from the ADS scan (articles.adsabs.harvard.edu 2000M&PS...35.1203W, 356,939 bytes, sha256 da22b808...) page images; extract only"
wilkinson_robinson_2000,Table 3,Dhajala,ME 2797,H3-4,fall,11.15,9,3.24,0.05,3.23,3.32,3.17,1.6,journal p1207 (PDF p5) Table 3,"R73; read from the ADS scan (articles.adsabs.harvard.edu 2000M&PS...35.1203W, 356,939 bytes, sha256 da22b808...) page images; extract only"
wilkinson_robinson_2000,Table 3,Gruneberg,ME 1478,H4,fall,98.02,9,3.55,0.04,3.55,3.59,3.50,1.1,journal p1207 (PDF p5) Table 3,"R73; read from the ADS scan (articles.adsabs.harvard.edu 2000M&PS...35.1203W, 356,939 bytes, sha256 da22b808...) page images; extract only"
wilkinson_robinson_2000,Table 3,Monroe,ME 1761,H4,fall,79.79,9,3.72,0.02,3.73,3.76,3.68,0.6,journal p1207 (PDF p5) Table 3,"R73; read from the ADS scan (articles.adsabs.harvard.edu 2000M&PS...35.1203W, 356,939 bytes, sha256 da22b808...) page images; extract only"
wilkinson_robinson_2000,Table 3,Ochansk,ME 1440,H4,fall,35.60,9,3.39,0.02,3.39,3.42,3.36,0.6,journal p1207 (PDF p5) Table 3,"R73; read from the ADS scan (articles.adsabs.harvard.edu 2000M&PS...35.1203W, 356,939 bytes, sha256 da22b808...) page images; extract only"
wilkinson_robinson_2000,Table 3,Agen,ME 525,H5,fall,34.66,9,3.46,0.05,3.44,3.55,3.41,1.5,journal p1207 (PDF p5) Table 3,"R73; read from the ADS scan (articles.adsabs.harvard.edu 2000M&PS...35.1203W, 356,939 bytes, sha256 da22b808...) page images; extract only"
wilkinson_robinson_2000,Table 3,Alessandria,ME 1513,H5,fall,60.45,9,3.74,0.02,3.74,3.77,3.70,0.6,journal p1207 (PDF p5) Table 3,"R73; read from the ADS scan (articles.adsabs.harvard.edu 2000M&PS...35.1203W, 356,939 bytes, sha256 da22b808...) page images; extract only"
wilkinson_robinson_2000,Table 3,Allegan,ME 1430,H5,fall,124.10,9,3.08,0.02,3.08,3.10,3.05,0.5,journal p1207 (PDF p5) Table 3,"R73; read from the ADS scan (articles.adsabs.harvard.edu 2000M&PS...35.1203W, 356,939 bytes, sha256 da22b808...) page images; extract only"
wilkinson_robinson_2000,Table 3,Dokachi,ME 772,H5,fall,25.34,9,3.62,0.05,3.61,3.72,3.56,1.4,journal p1207 (PDF p5) Table 3,"R73; read from the ADS scan (articles.adsabs.harvard.edu 2000M&PS...35.1203W, 356,939 bytes, sha256 da22b808...) page images; extract only"
wilkinson_robinson_2000,Table 3,Jilin,ME 2800,H5,fall,20.61,9,3.58,0.06,3.57,3.65,3.48,1.8,journal p1207 (PDF p5) Table 3,"R73; read from the ADS scan (articles.adsabs.harvard.edu 2000M&PS...35.1203W, 356,939 bytes, sha256 da22b808...) page images; extract only"
wilkinson_robinson_2000,Table 3,Nammianthal,ME 1629,H5,fall,35.62,9,3.59,0.06,3.58,3.66,3.52,1.6,journal p1207 (PDF p5) Table 3,"R73; read from the ADS scan (articles.adsabs.harvard.edu 2000M&PS...35.1203W, 356,939 bytes, sha256 da22b808...) page images; extract only"
wilkinson_robinson_2000,Table 3,Pultusk 4,USNM 463,H5,fall,16.28,9,3.49,0.03,3.48,3.53,3.45,0.8,journal p1207 (PDF p5) Table 3,"R73; read from the ADS scan (articles.adsabs.harvard.edu 2000M&PS...35.1203W, 356,939 bytes, sha256 da22b808...) page images; extract only"
wilkinson_robinson_2000,Table 3,Pultusk 5,USNM 463,H5,fall,20.32,9,3.37,0.05,3.37,3.46,3.31,1.4,journal p1207 (PDF p5) Table 3,"R73; read from the ADS scan (articles.adsabs.harvard.edu 2000M&PS...35.1203W, 356,939 bytes, sha256 da22b808...) page images; extract only"
wilkinson_robinson_2000,Table 3,Pultusk 6,USNM 463,H5,fall,32.22,9,3.50,0.02,3.50,3.52,3.48,0.4,journal p1207 (PDF p5) Table 3,"R73; read from the ADS scan (articles.adsabs.harvard.edu 2000M&PS...35.1203W, 356,939 bytes, sha256 da22b808...) page images; extract only"
wilkinson_robinson_2000,Table 3,Pultusk 7,USNM 463,H5,fall,18.29,9,3.31,0.07,3.33,3.40,3.22,2.1,journal p1207 (PDF p5) Table 3,"R73; read from the ADS scan (articles.adsabs.harvard.edu 2000M&PS...35.1203W, 356,939 bytes, sha256 da22b808...) page images; extract only"
wilkinson_robinson_2000,Table 3,Pultusk 8,USNM 463,H5,fall,25.09,9,3.44,0.03,3.43,3.48,3.40,0.8,journal p1207 (PDF p5) Table 3,"R73; read from the ADS scan (articles.adsabs.harvard.edu 2000M&PS...35.1203W, 356,939 bytes, sha256 da22b808...) page images; extract only"
wilkinson_robinson_2000,Table 3,Pultusk 9,USNM 463,H5,fall,11.60,9,3.49,0.04,3.49,3.55,3.43,1.1,journal p1207 (PDF p5) Table 3,"R73; read from the ADS scan (articles.adsabs.harvard.edu 2000M&PS...35.1203W, 356,939 bytes, sha256 da22b808...) page images; extract only"
wilkinson_robinson_2000,Table 3,Pultusk 10,USNM 463,H5,fall,10.46,9,3.57,0.03,3.57,3.63,3.51,1.0,journal p1207 (PDF p5) Table 3,"R73; read from the ADS scan (articles.adsabs.harvard.edu 2000M&PS...35.1203W, 356,939 bytes, sha256 da22b808...) page images; extract only"
wilkinson_robinson_2000,Table 3,Pultusk 11,USNM 463,H5,fall,13.06,9,3.54,0.04,3.53,3.59,3.49,1.0,journal p1207 (PDF p5) Table 3,"R73; read from the ADS scan (articles.adsabs.harvard.edu 2000M&PS...35.1203W, 356,939 bytes, sha256 da22b808...) page images; extract only"
wilkinson_robinson_2000,Table 3,Richardton,ME 1995,H5,fall,26.88,9,3.22,0.05,3.23,3.27,3.15,1.5,journal p1207 (PDF p5) Table 3,"R73; read from the ADS scan (articles.adsabs.harvard.edu 2000M&PS...35.1203W, 356,939 bytes, sha256 da22b808...) page images; extract only"
wilkinson_robinson_2000,Table 3,Timochin,ME 1728,H5,fall,17.81,9,3.36,0.04,3.37,3.40,3.29,1.2,journal p1207 (PDF p5) Table 3,"R73; read from the ADS scan (articles.adsabs.harvard.edu 2000M&PS...35.1203W, 356,939 bytes, sha256 da22b808...) page images; extract only"
wilkinson_robinson_2000,Table 3,Cape Girardeau,ME 1566,H6,fall,39.49,9,3.65,0.03,3.65,3.71,3.61,0.9,journal p1207 (PDF p5) Table 3,"R73; read from the ADS scan (articles.adsabs.harvard.edu 2000M&PS...35.1203W, 356,939 bytes, sha256 da22b808...) page images; extract only"
wilkinson_robinson_2000,Table 3,Chitado,ME 2994,H6,fall,77.34,9,3.25,0.03,3.25,3.30,3.20,1.0,journal p1207 (PDF p5) Table 3,"R73; read from the ADS scan (articles.adsabs.harvard.edu 2000M&PS...35.1203W, 356,939 bytes, sha256 da22b808...) page images; extract only"
wilkinson_robinson_2000,Table 3,Lancon,ME 526,H6,fall,67.48,9,3.60,0.04,3.59,3.67,3.56,1.1,journal p1207 (PDF p5) Table 3,"R73; read from the ADS scan (articles.adsabs.harvard.edu 2000M&PS...35.1203W, 356,939 bytes, sha256 da22b808...) page images; extract only"
wilkinson_robinson_2000,Table 3,Mount Browne,ME 576,H6,fall,81.27,9,3.53,0.02,3.53,3.57,3.49,0.7,journal p1207 (PDF p5) Table 3,"R73; read from the ADS scan (articles.adsabs.harvard.edu 2000M&PS...35.1203W, 356,939 bytes, sha256 da22b808...) page images; extract only"
wilkinson_robinson_2000,Table 3,Tjabe,ME 1705,H6,fall,22.52,9,3.32,0.02,3.33,3.36,3.29,0.7,journal p1207 (PDF p5) Table 3,"R73; read from the ADS scan (articles.adsabs.harvard.edu 2000M&PS...35.1203W, 356,939 bytes, sha256 da22b808...) page images; extract only"
wilkinson_robinson_2000,Table 3,Burnwell,USNM 6847,OC,fall,12.80,9,3.52,0.03,3.52,3.56,3.48,0.8,journal p1207 (PDF p5) Table 3,"R73; read from the ADS scan (articles.adsabs.harvard.edu 2000M&PS...35.1203W, 356,939 bytes, sha256 da22b808...) page images; extract only"
