id,tier,short_title,journal_or_series,year,doi_or_url,authors_short,access_status,pipeline_mapping
worldbank_cmo_pink_sheet,T2,"World Bank Commodity Markets Group, 'Commodity Price Data (The Pink Sheet)' — monthly nominal-USD prices for 71 commodities, 1960M01 to present; institutional primary source behind the pipeline's commodity value side","World Bank Commodity Markets Outlook / CMO-Pink-Sheet (Sept 2026 edition); xlsx updated 2026-09-02, latest data month 2026M08",2026,https://www.worldbank.org/en/research/commodity-markets,World Bank Commodity Markets Group,full_text_hosted (CMO-Historical-Data-Monthly.xlsx + CMO-Pink-Sheet-September-2026.pdf committed; public-domain institutional data),"FIRST anchor for the pipeline's commodity VALUE side — domains 1-5 all cover physics/cost, none touch market pricing. mineral_value_catalog.csv prices every tradable element (driving all of profitability_catalog.csv) from a static ref_price_usd_per_kg column cited only to 'USGS/LME/mineralogy reference' with NO registered source; this is the institutional primary behind that fallback. Parsed live: 71 commodity columns, monthly nominal USD 1960M01-2026M08 (updated 2026-09-02). Covers gold/platinum/silver/copper/nickel/aluminum/zinc/iron-ore; does NOT carry the minor PGMs Rh/Ir/Os/Ru/Pd (those stay on yfinance+USGS path). AUDIT FINDING: our ref column is a MIXED-DATED snapshot despite its uniform 2026-05-29 stamp — gold & nickel are current (match Apr-Jul 2026), but silver ($950/kg) matches no month since Jan 2024, copper last matched ~Jan 2025, platinum ~Jul 2025 => staleness correction candidates recorded in FINDINGS + extracted_data/r39_commodity_price_verification.csv. USGS Mineral Commodity Summary (the named fallback source) is bot-blocked from this machine (pubs.usgs.gov 403/404), so it is NOT registered here — recorded as attempted-but-unreachable."
lbma_precious_metals_fixings,T3,"LBMA (London Bullion Market Association) precious-metals fixings — daily benchmark prices for gold/silver/platinum/palladium in USD per troy ounce, 1968 to present; the institutional price authority that our code's ""yfinance/LBMA path"" actually resolves to","LBMA official price data (prices.lbma.org.uk); JSON endpoints /json/{gold,silver,platinum,palladium}_am.json (+ _pm for Au/Pt/Pd), pulled live 2026-09-23; gold & silver series from 1968-01-02, Pt & Pd from 1990-04-02",2026,"https://prices.lbma.org.uk/ (JSON: /json/<metal>_am.json, <metal> in gold|silver|platinum|palladium)",LBMA (London Bullion Market Association),"open_service — JSON pulled live this round (4 series; Au/Pt/Pd ~9.2k daily AM fixings 1990->, Ag ~14.85k since 1968); key numbers extracted to r45_lbma_precious_metals_key_numbers.csv","SECOND anchor for the pipeline's commodity VALUE side — specifically the precious metals + minor PGMs that the worldbank_cmo_pink_sheet (R39) does NOT carry at daily resolution. This is the actual resolution of R39's open ""yfinance/LBMA path"": LBMA now registered and analyzable, not just cited. AUDIT vs our static ref_price_usd_per_kg (stamp 2026-05-29), compared at that SAME date (gap=0 trading days for all four): gold $150,000 ours vs LBMA $145,506 (+3.1%, fine); platinum $45,000 ours vs LBMA $61,472 (-26.8% LOW); palladium $48,000 ours vs LBMA $43,854 (+9.5%); silver $950 ours vs LBMA $2,436 (**-61% LOW**) => silver & platinum are stale-correction candidates (target repo is read-only so NOT applied here; recorded in FINDINGS + extracted_data). Basis: Au/Pt/Pd use the AM London fixing, Ag uses LBMA's single daily benchmark. Minor PGMs Rh/Ir/Os/Ru are still not carried by LBMA (stay on yfinance/USGS path)."
jm_pgm_market_report_2026,T2,"Johnson Matthey Plc, ""PGM market report May 2026"" — annual institutional review of platinum/palladium/rhodium/ruthenium/iridium markets: base-price narrative for all five PGMs + full supply & demand tables (primary production by region, secondary/recycling, industrial demand) in troy oz AND tonnes, 2021-2026","Johnson Matthey Plc annual PGM market report (published May each year; this edition May 2026); free public download from matthey.com (pulled live 2026-09-23, PDF 1.28 MB sha recorded below)",2026,https://matthey.com/products-and-markets/pgms-and-circularity/pgm-market-reports (direct: https://matthey.com/documents/161599/509428/pgm-market-report-26.pdf/a2d115af-bf7c-f589-29e9-6beacf8a4452),Johnson Matthey Plc (Alison Cowley et al.),"verified_live_not_pulled — full text pulled + analyzed live this round; NOT committed to full_texts/ because JM's terms state ""The Prices are the property of Johnson Matthey Plc"" and prohibit use without consent (report itself is free-public but redistribution rights not granted); all key numbers extracted verbatim into r46_price_audit_key_numbers.csv R71 (2026-09-27): full report re-read from a copy the owner downloaded; supply and demand tables for all five metals in extracted_data/r71_jm_pgm_2026_*.csv. The R46 rhodium supply figure (17.6 t) was the South Africa row; total primary supply is 21.8 t, so rc-038 is withdrawn.","Closes R39/R45's open minor-PGM gap for 4 of 5 metals: the ONLY institutional source with published reference prices AND production statistics for Rh/Ir/Ru (LBMA carries none; USGS MCS bot-blocked). AUDIT vs our static ref_price_usd_per_kg + annual-production estimates, at JM Q1-2026 quotes (report covers through March 2026): rhodium $9,000/oz end-Dec-25 (~$289k/kg) vs ours $320k (+10.6% high); iridium ATH $8,000/oz Q1-26 (~$257k/kg) vs ours $160k (**ours -37.8% LOW**); ruthenium ATH $1,750/oz Q1-26 (~$56k/kg) vs ours $16k (**ours -71.6% LOW**; even -61.0% vs the more conservative end-of-25 record of $1,275/oz ≈ $41k/kg); platinum end-March $1,908/oz (~$61.3k/kg) corroborates R45's LBMA finding (ours -27% low). PRODUCTION: our estimates ~23 t Rh / 7.5 t Ir / 30 t Ru vs JM primary supply 2025 = 17.6 / 7.1 / 30.2 t -> Ir & Ru AGREE, **Rh ours +30.7% high (revision candidate)**. Osmium: NO published reference price in LBMA or JM and no production table => our $13k/kg row stays unanchored (recorded gap)."
usgs_mineral_commodity_summaries_2026,T3,Mineral Commodity Summaries 2026,U.S. Geological Survey (annual),2026,https://doi.org/10.3133/mcs2026,U.S. Geological Survey,"full_text_hosted — R81 (2026-09-28): pubs.usgs.gov is reachable from this machine (the R74 bot-block no longer reproduces); full MCS 2026 report v1.3 (May-2026, 226 p., 17.6 MB) pulled live and committed under 06_commodity_market_pricing/full_texts/ with its manifest row; USGS public domain. R81 also hosted the four d25 chapters (nickel, platinum-group, iron-and-steel-scrap, cobalt). Metadata checked against the Crossref record for 10.3133/mcs2026: 'Mineral commodity summaries 2026', no container title (2026), no personal author on the record. Cited upstream: economicspace@1f470d4 modules/mineral_value.py curated fallback prices and ANNUAL_WORLD_PRODUCTION_KG; CITATIONS.md section 1.","mineral_value.py curated fallback prices for metals yfinance lacks, and every terrestrial market depth in ANNUAL_WORLD_PRODUCTION_KG"
lme_official_reference_prices,T3,"London Metal Exchange official and reference prices (nickel 3-month, cobalt cash)",London Metal Exchange (exchange data),2026,https://www.lme.com/,LME,"registered_not_pulled — R74 (2026-09-27): registered from the upstream citation; full text not sought, nothing extracted. Landing page answered HTTP 403 to this machine (bot or rate limit; not worked around). Cited upstream: economicspace@1f470d4 modules/mineral_value.py nickel and cobalt rows; CITATIONS.md section 1. R122 (2026-10-05) retry: lme.com/en/metals/non-ferrous answers HTTP 403 from this machine but carries NO price figures in the static HTML (bot protection); no usable value read.",mineral_value.py ref_price_usd_per_kg for nickel and cobalt (and the other LME base metals)
cme_comex_nymex_futures,T3,"CME Group COMEX and NYMEX front-month futures (GC, SI, HG, PL, PA; HO, NG, CL)",CME Group (exchange data),2026,https://www.cmegroup.com/,CME Group,"registered_not_pulled — R74 (2026-09-27): registered from the upstream citation; full text not sought, nothing extracted. Landing page answered HTTP 403 to this machine (bot or rate limit; not worked around). Cited upstream: economicspace@1f470d4 modules/mineral_value.py gold, silver, copper, platinum, palladium rows; spacecost@e831245 spacecost/prices.py and CITATIONS.md section 6 (HO=F, NG=F, CL=F). R122 (2026-10-05) retry: cmegroup.com still answers HTTP 403 from this machine (bot protection); no usable value read.",mineral_value.py live price basis for Au/Ag/Cu/Pt/Pd; spacecost live RP-1 and methane price proxies
yahoo_finance_yfinance,T4,Yahoo Finance quotes via the yfinance Python package,open-source software / market-data service (Yahoo terms apply),2026,https://pypi.org/project/yfinance/,"Aroussi, R. (yfinance); Yahoo Finance","registered_not_pulled — R74 (2026-09-27): registered from the upstream citation; full text not sought, nothing extracted. Landing page answered HTTP 200 from this machine. Cited upstream: economicspace@1f470d4 modules/mineral_value.py fetch path; spacecost@e831245 spacecost/prices.py; both CITATIONS.md.",mineral_value.py live futures prices; spacecost optional live propellant price proxies
metals_dev_api,T4,metals.dev metals price API,commercial market-data API (optional; off by default upstream),2026,https://metals.dev/,metals.dev,"registered_not_pulled — R74 (2026-09-27): registered from the upstream citation; full text not sought, nothing extracted. Landing page answered HTTP 200 from this machine. Cited upstream: economicspace@1f470d4 modules/mineral_value.py optional fetcher; master.py; CITATIONS.md section 1.",mineral_value.py optional live LME and precious-metal quotes
heraeus_2026_precious_metals_forecast,T4,Heraeus Precious Metals Forecast 2026,Heraeus Precious Metals (company market report),2026,https://www.heraeus-precious-metals.com/en/company/press-and-news/heraeus-precious-metals-forecast-2026/,Heraeus Precious Metals,"registered_not_pulled — R74 (2026-09-27): registered from the upstream citation; full text not sought, nothing extracted. Landing page answered HTTP 200 from this machine. Cited upstream: economicspace@1f470d4 modules/mineral_value.py platinum row; versions.md.",mineral_value.py platinum ref_price_usd_per_kg (midpoint of the 2026 forecast range)
reuters_2026_gold_analyst_consensus,T4,Reuters precious-metals analyst consensus (May 2026; article not named upstream),Reuters (news agency),2026,https://www.reuters.com/markets/commodities/,Reuters,"registered_not_pulled — R74 (2026-09-27): registered from the upstream citation; full text not sought, nothing extracted. Landing page answered HTTP 401 to this machine (bot or rate limit; not worked around). Cited upstream: economicspace@1f470d4 modules/mineral_value.py gold row notes.",mineral_value.py gold ref_price_usd_per_kg context
usgs_mineral_commodity_summaries_2025,T3,Mineral Commodity Summaries 2025,U.S. Geological Survey (annual),2025,https://doi.org/10.3133/mcs2025,U.S. Geological Survey,"full_text_hosted — R83 (2026-09-30): full MCS 2025 report v1.2 (March-2025, 216 p., 10.4 MB) pulled live from pubs.usgs.gov and committed under 06_commodity_market_pricing/full_texts/ with its manifest row; USGS public domain. World-production tables for the nine v1.11.0 commodities read by word coordinates (chromium p62, gallium p78, germanium pp83-84, molybdenum p126, nitrogen-fixed-ammonia pp131-132, phosphate rock p138, rhenium p150, sulfur p176, titanium p190, tungsten p194) and audited against economicspace@7d99662 ANNUAL_WORLD_PRODUCTION_KG — see extracted_data/r83_mcs2025_world_production_key_numbers.csv. Edition check: v1.0 and v1.1 carry identical values, so the three discrepancies are not edition drift. Metadata checked against the Crossref record for 10.3133/mcs2025: 'Mineral commodity summaries 2025', no container title (2025), no personal author on the record. Cited upstream: economicspace@7d99662 CITATIONS.md section 1.","mineral_value.py ANNUAL_WORLD_PRODUCTION_KG v1.11.0 rows (sulfur, chromium, titanium, gallium, germanium, rhenium, tungsten, molybdenum, ammonia) and the order of the 2024 prices behind them"
ipa_sfa_2026_osmium_pgm_factsheet,T2,"PGM Fact Sheet: Osmium (written by SFA (Oxford), 19 March 2026; IPA edition May 2026)",International Platinum Group Metals Association (IPA) PGM Factsheets 2026,2026,https://ipa-news.com/assets/pdfs/factsheets/2026-05-ipa-osmium-factsheet.pdf,SFA (Oxford) for the IPA,"verified_live_not_pulled - R114 (2026-10-04): 16-page PDF read live; page 2 says 'All rights are reserved' with no reuse without written permission, so it is not hosted. Price paragraph (p5) extracted to extracted_data/r114_gr_links_key_numbers.csv","closes the osmium gap recorded in this domain's FINDINGS (no price series at LBMA or JM, so the economicspace osmium row of $13,000/kg stood on nothing registered): p5 states there is no exchange-traded benchmark and no market transparency, that osmium is priced per transaction, and that prices have been 'fixed in the 300-400$/oz range since the 2000's' (about $9,600-12,900/kg); the upstream $13,000/kg is $404/oz, a hair above that band. Global output is 'hundreds of kilograms per year'. A consultancy factsheet for a trade association, not an exchange price; no revision candidate"
