source_id,table,event,time_s,mola_alt_m,agl_m,rel_vel_m_s,atm_vel_m_s,fpa_deg,mach,dyn_pres_Pa,location_in_source,notes
nasa_mars2020_flight_mech_edl_simulation,Table 10 NewSTEP reconstructed trajectory,RCS warm up,0.11,1421282.57,1421282.57,4684.39,,-39.74,,,PDF p12 Table 10,read by word coordinates from the hosted PDF (columns assigned from a fully populated row; blank cells kept blank); R72
nasa_mars2020_flight_mech_edl_simulation,Table 10 NewSTEP reconstructed trajectory,Spindown,20.98,1359058.58,1359058.58,4709.18,,-39.04,,,PDF p12 Table 10,read by word coordinates from the hosted PDF (columns assigned from a fully populated row; blank cells kept blank); R72
nasa_mars2020_flight_mech_edl_simulation,Table 10 NewSTEP reconstructed trajectory,Turn to entry,27.23,1340545.19,1340545.19,4716.94,,-38.83,,,PDF p12 Table 10,read by word coordinates from the hosted PDF (columns assigned from a fully populated row; blank cells kept blank); R72
nasa_mars2020_flight_mech_edl_simulation,Table 10 NewSTEP reconstructed trajectory,Wait for entry,38.48,1307360.19,1307360.19,4730.66,,-38.45,,,PDF p12 Table 10,read by word coordinates from the hosted PDF (columns assigned from a fully populated row; blank cells kept blank); R72
nasa_mars2020_flight_mech_edl_simulation,Table 10 NewSTEP reconstructed trajectory,Wait for guidance,540.11,128579.30,128579.30,5333.54,,-16.18,,,PDF p12 Table 10,read by word coordinates from the hosted PDF (columns assigned from a fully populated row; blank cells kept blank); R72
nasa_mars2020_flight_mech_edl_simulation,Table 10 NewSTEP reconstructed trajectory,Range control,590.98,58741.75,58890.13,5355.41,5380.99,-13.31,26.93,511.09,PDF p12 Table 10,"cross-check with Table 13: atm vel / sound speed = 26.93 (Mach printed 26.93); 0.5 rho v^2 = 579.1 Pa (printed 511.09); Table 13 prints this density to one significant figure (0.00004), and 511.09 Pa implies 3.53e-5 kg/m3, so the q check is limited by that rounding; read by word coordinates from the hosted PDF (columns assigned from a fully populated row; blank cells kept blank); R72"
nasa_mars2020_flight_mech_edl_simulation,Table 10 NewSTEP reconstructed trajectory,1st bank reversal,621.86,25716.07,25309.36,4305.08,4285.97,-10.71,20.22,12784.32,PDF p12 Table 10,cross-check with Table 13: atm vel / sound speed = 20.22 (Mach printed 20.22); 0.5 rho v^2 = 12766.8 Pa (printed 12784.32); read by word coordinates from the hosted PDF (columns assigned from a fully populated row; blank cells kept blank); R72
nasa_mars2020_flight_mech_edl_simulation,Table 10 NewSTEP reconstructed trajectory,Peak deceleration,627.27,21863.52,21982.53,3778.24,3758.20,-9.29,17.48,14507.33,PDF p12 Table 10,cross-check with Table 13: atm vel / sound speed = 17.48 (Mach printed 17.48); 0.5 rho v^2 = 14477.2 Pa (printed 14507.33); read by word coordinates from the hosted PDF (columns assigned from a fully populated row; blank cells kept blank); R72
nasa_mars2020_flight_mech_edl_simulation,Table 10 NewSTEP reconstructed trajectory,End reversal 1,633.11,18911.97,18624.06,3203.05,3181.32,-7.61,14.56,13724.28,PDF p12 Table 10,read by word coordinates from the hosted PDF (columns assigned from a fully populated row; blank cells kept blank); R72
nasa_mars2020_flight_mech_edl_simulation,Table 10 NewSTEP reconstructed trajectory,2nd bank reversal,642.11,16023.07,16195.98,2455.44,2431.89,-5.24,11.02,10563.03,PDF p12 Table 10,cross-check with Table 13: atm vel / sound speed = 11.02 (Mach printed 11.02); 0.5 rho v^2 = 10556.6 Pa (printed 10563.03); read by word coordinates from the hosted PDF (columns assigned from a fully populated row; blank cells kept blank); R72
nasa_mars2020_flight_mech_edl_simulation,Table 10 NewSTEP reconstructed trajectory,End reversal 2,652.11,14607.80,14647.06,1877.60,1853.81,-2.49,8.33,6961.31,PDF p12 Table 10,cross-check with Table 13: atm vel / sound speed = 8.33 (Mach printed 8.33); 0.5 rho v^2 = 6959.1 Pa (printed 6961.31); read by word coordinates from the hosted PDF (columns assigned from a fully populated row; blank cells kept blank); R72
nasa_mars2020_flight_mech_edl_simulation,Table 10 NewSTEP reconstructed trajectory,3rd bank reversal,670.11,13924.87,14623.41,1285.45,1263.93,-0.56,5.71,3511.32,PDF p12 Table 10,cross-check with Table 13: atm vel / sound speed = 5.71 (Mach printed 5.71); 0.5 rho v^2 = 3514.5 Pa (printed 3511.32); read by word coordinates from the hosted PDF (columns assigned from a fully populated row; blank cells kept blank); R72
nasa_mars2020_flight_mech_edl_simulation,Table 10 NewSTEP reconstructed trajectory,Heading alignment,679.61,13888.53,14847.00,1099.11,1077.74,0.06,4.90,2591.34,PDF p13 Table 10,cross-check with Table 13: atm vel / sound speed = 4.90 (Mach printed 4.90); 0.5 rho v^2 = 2590.2 Pa (printed 2591.34); read by word coordinates from the hosted PDF (columns assigned from a fully populated row; blank cells kept blank); R72
nasa_mars2020_flight_mech_edl_simulation,Table 10 NewSTEP reconstructed trajectory,End HA slew,686.11,13894.50,14990.12,1000.67,979.04,0.05,4.45,2137.18,PDF p13 Table 10,cross-check with Table 13: atm vel / sound speed = 4.45 (Mach printed 4.45); 0.5 rho v^2 = 2137.5 Pa (printed 2137.18); read by word coordinates from the hosted PDF (columns assigned from a fully populated row; blank cells kept blank); R72
nasa_mars2020_flight_mech_edl_simulation,Table 10 NewSTEP reconstructed trajectory,SUFR,763.73,11733.14,13789.76,488.18,466.21,-9.55,2.09,588.39,PDF p13 Table 10,cross-check with Table 13: atm vel / sound speed = 2.09 (Mach printed 2.09); 0.5 rho v^2 = 587.9 Pa (printed 588.39); read by word coordinates from the hosted PDF (columns assigned from a fully populated row; blank cells kept blank); R72
nasa_mars2020_flight_mech_edl_simulation,Table 10 NewSTEP reconstructed trajectory,Wait for PD,777.73,10390.54,12579.47,442.82,422.58,-14.89,1.86,530.42,PDF p13 Table 10,cross-check with Table 13: atm vel / sound speed = 1.86 (Mach printed 1.86); 0.5 rho v^2 = 530.4 Pa (printed 530.42); read by word coordinates from the hosted PDF (columns assigned from a fully populated row; blank cells kept blank); R72
nasa_mars2020_flight_mech_edl_simulation,Table 10 NewSTEP reconstructed trajectory,Parachute deploy,780.73,10037.95,12247.04,433.88,414.22,-16.26,1.81,519.67,PDF p13 Table 10,cross-check with Table 13: atm vel / sound speed = 1.81 (Mach printed 1.81); 0.5 rho v^2 = 519.9 Pa (printed 519.67); read by word coordinates from the hosted PDF (columns assigned from a fully populated row; blank cells kept blank); R72
nasa_mars2020_flight_mech_edl_simulation,Table 10 NewSTEP reconstructed trajectory,Peak inflation,782.40,9833.10,12088.05,424.10,404.78,-17.01,1.76,504.14,PDF p13 Table 10,cross-check with Table 13: atm vel / sound speed = 1.76 (Mach printed 1.76); 0.5 rho v^2 = 503.8 Pa (printed 504.14); read by word coordinates from the hosted PDF (columns assigned from a fully populated row; blank cells kept blank); R72
nasa_mars2020_flight_mech_edl_simulation,Table 10 NewSTEP reconstructed trajectory,HSS enabled,790.75,8976.70,11363.76,237.78,220.31,-21.94,0.96,160.38,PDF p13 Table 10,cross-check with Table 13: atm vel / sound speed = 0.96 (Mach printed 0.96); 0.5 rho v^2 = 160.4 Pa (printed 160.38); read by word coordinates from the hosted PDF (columns assigned from a fully populated row; blank cells kept blank); R72
nasa_mars2020_flight_mech_edl_simulation,Table 10 NewSTEP reconstructed trajectory,Heatshield sep.,803.61,7892.69,10378.32,158.18,144.90,-31.51,0.63,75.85,PDF p13 Table 10,cross-check with Table 13: atm vel / sound speed = 0.63 (Mach printed 0.63); 0.5 rho v^2 = 75.9 Pa (printed 75.85); read by word coordinates from the hosted PDF (columns assigned from a fully populated row; blank cells kept blank); R72
nasa_mars2020_flight_mech_edl_simulation,Table 10 NewSTEP reconstructed trajectory,Wait for NAV init.,806.38,7667.76,10117.48,148.31,135.82,-32.82,0.59,67.88,PDF p13 Table 10,cross-check with Table 13: atm vel / sound speed = 0.59 (Mach printed 0.59); 0.5 rho v^2 = 67.9 Pa (printed 67.88); read by word coordinates from the hosted PDF (columns assigned from a fully populated row; blank cells kept blank); R72
nasa_mars2020_flight_mech_edl_simulation,Table 10 NewSTEP reconstructed trajectory,NAV init.,808.48,7499.55,9962.50,141.60,129.72,-34.14,0.56,62.77,PDF p13 Table 10,cross-check with Table 13: atm vel / sound speed = 0.56 (Mach printed 0.56); 0.5 rho v^2 = 62.8 Pa (printed 62.77); read by word coordinates from the hosted PDF (columns assigned from a fully populated row; blank cells kept blank); R72
nasa_mars2020_flight_mech_edl_simulation,Table 10 NewSTEP reconstructed trajectory,TDS solution,837.61,4876.98,7388.09,102.74,99.49,-69.63,0.42,45.60,PDF p13 Table 10,cross-check with Table 13: atm vel / sound speed = 0.42 (Mach printed 0.42); 0.5 rho v^2 = 45.6 Pa (printed 45.60); read by word coordinates from the hosted PDF (columns assigned from a fully populated row; blank cells kept blank); R72
nasa_mars2020_flight_mech_edl_simulation,Table 10 NewSTEP reconstructed trajectory,MLE priming,887.48,434.84,2995.96,84.43,84.98,-81.06,0.35,47.54,PDF p13 Table 10,cross-check with Table 13: atm vel / sound speed = 0.35 (Mach printed 0.35); 0.5 rho v^2 = 47.6 Pa (printed 47.54); read by word coordinates from the hosted PDF (columns assigned from a fully populated row; blank cells kept blank); R72
nasa_mars2020_flight_mech_edl_simulation,Table 10 NewSTEP reconstructed trajectory,Wait for BSS,896.23,-281.92,2279.98,81.50,82.34,-81.24,0.34,46.84,PDF p13 Table 10,cross-check with Table 13: atm vel / sound speed = 0.34 (Mach printed 0.34); 0.5 rho v^2 = 46.8 Pa (printed 46.84); read by word coordinates from the hosted PDF (columns assigned from a fully populated row; blank cells kept blank); R72
nasa_mars2020_flight_mech_edl_simulation,Table 10 NewSTEP reconstructed trajectory,Free fall,897.66,-396.29,2165.44,81.26,82.14,-81.30,0.34,46.97,PDF p13 Table 10,cross-check with Table 13: atm vel / sound speed = 0.34 (Mach printed 0.34); 0.5 rho v^2 = 47.0 Pa (printed 46.97); read by word coordinates from the hosted PDF (columns assigned from a fully populated row; blank cells kept blank); R72
nasa_mars2020_flight_mech_edl_simulation,Table 10 NewSTEP reconstructed trajectory,MLE warm up,898.62,-475.76,2085.84,84.72,85.58,-81.64,0.35,51.25,PDF p13 Table 10,cross-check with Table 13: atm vel / sound speed = 0.35 (Mach printed 0.35); 0.5 rho v^2 = 51.3 Pa (printed 51.25); read by word coordinates from the hosted PDF (columns assigned from a fully populated row; blank cells kept blank); R72
nasa_mars2020_flight_mech_edl_simulation,Table 10 NewSTEP reconstructed trajectory,Detumble,898.84,-494.16,2067.43,85.24,86.10,-81.72,0.36,51.94,PDF p13 Table 10,cross-check with Table 13: atm vel / sound speed = 0.36 (Mach printed 0.36); 0.5 rho v^2 = 51.9 Pa (printed 51.94); read by word coordinates from the hosted PDF (columns assigned from a fully populated row; blank cells kept blank); R72
nasa_mars2020_flight_mech_edl_simulation,Table 10 NewSTEP reconstructed trajectory,Turn to attitude,898.98,-506.03,2055.56,85.33,86.19,-81.79,0.36,52.08,PDF p13 Table 10,cross-check with Table 13: atm vel / sound speed = 0.36 (Mach printed 0.36); 0.5 rho v^2 = 52.1 Pa (printed 52.08); read by word coordinates from the hosted PDF (columns assigned from a fully populated row; blank cells kept blank); R72
nasa_mars2020_flight_mech_edl_simulation,Table 10 NewSTEP reconstructed trajectory,Powered approach,899.92,-585.04,1976.97,84.85,85.68,-82.22,0.35,51.75,PDF p13 Table 10,cross-check with Table 13: atm vel / sound speed = 0.35 (Mach printed 0.35); 0.5 rho v^2 = 51.8 Pa (printed 51.75); read by word coordinates from the hosted PDF (columns assigned from a fully populated row; blank cells kept blank); R72
nasa_mars2020_flight_mech_edl_simulation,Table 10 NewSTEP reconstructed trajectory,Constant velocity,929.64,-2311.75,256.61,32.20,32.78,-89.58,0.13,8.41,PDF p13 Table 10,cross-check with Table 13: atm vel / sound speed = 0.13 (Mach printed 0.13); 0.5 rho v^2 = 8.4 Pa (printed 8.41); read by word coordinates from the hosted PDF (columns assigned from a fully populated row; blank cells kept blank); R72
nasa_mars2020_flight_mech_edl_simulation,Table 10 NewSTEP reconstructed trajectory,Constant decel.,933.88,-2447.75,120.60,32.14,32.76,-89.96,0.13,8.45,PDF p13 Table 10,cross-check with Table 13: atm vel / sound speed = 0.13 (Mach printed 0.13); 0.5 rho v^2 = 8.4 Pa (printed 8.45); read by word coordinates from the hosted PDF (columns assigned from a fully populated row; blank cells kept blank); R72
nasa_mars2020_flight_mech_edl_simulation,Table 10 NewSTEP reconstructed trajectory,Throttle down,939.77,-2545.80,22.54,0.99,6.39,-85.70,0.03,0.32,PDF p13 Table 10,cross-check with Table 13: atm vel / sound speed = 0.03 (Mach printed 0.03); 0.5 rho v^2 = 0.3 Pa (printed 0.32); read by word coordinates from the hosted PDF (columns assigned from a fully populated row; blank cells kept blank); R72
nasa_mars2020_flight_mech_edl_simulation,Table 10 NewSTEP reconstructed trajectory,Deploy rover,942.30,-2548.06,20.29,0.77,6.31,-86.72,0.03,0.31,PDF p13 Table 10,cross-check with Table 13: atm vel / sound speed = 0.03 (Mach printed 0.03); 0.5 rho v^2 = 0.3 Pa (printed 0.31); read by word coordinates from the hosted PDF (columns assigned from a fully populated row; blank cells kept blank); R72
nasa_mars2020_flight_mech_edl_simulation,Table 10 NewSTEP reconstructed trajectory,Ready for TD,951.27,-2555.46,12.89,0.83,6.12,-81.27,0.02,0.30,PDF p13 Table 10,cross-check with Table 13: atm vel / sound speed = 0.02 (Mach printed 0.02); 0.5 rho v^2 = 0.3 Pa (printed 0.30); read by word coordinates from the hosted PDF (columns assigned from a fully populated row; blank cells kept blank); R72
nasa_mars2020_flight_mech_edl_simulation,Table 10 NewSTEP reconstructed trajectory,First contact,958.05,-2561.06,7.26,0.82,6.07,-78.35,0.02,0.29,PDF p13 Table 10,cross-check with Table 13: atm vel / sound speed = 0.02 (Mach printed 0.02); 0.5 rho v^2 = 0.3 Pa (printed 0.29); read by word coordinates from the hosted PDF (columns assigned from a fully populated row; blank cells kept blank); R72
