source_id,quantity,value,unit,basis_or_scenario,location_in_source,notes
bls_eci_total_compensation_us_all_industries_ciu1010000000a,series_identification,CIU1010000000000A,BLS series id,"Total compensation, All Civilian workers, All industries and occupations, US National; 12-month percent change; not seasonally adjusted (PEBD metadata block)",planetary_society_pebd_mission_costs XLSX 'NAICS' sheet rows 3-4 + BLS API response seriesID field,the index PEBD uses to escalate operations costs - the third class d23 was missing after CPI-U and NNSI
bls_eci_total_compensation_us_all_industries_ciu1010000000a,api_access_pattern,"keyless publicAPI v2, max 10-year window per request",,"POST api.bls.gov/publicAPI/v2/timeseries/data/ with {seriesid:[...],startyear,endyear}; no API key needed from this machine (contrasts with the CPIAUCSL 'Invalid Series' failure recorded on the FRED row)",BLS response message field: 'Year range has been reduced to the system-allowed limit of 10 years.',"three windows pulled R140: 2001-2010, 2011-2020, 2021-2026 -> Q1-2001..Q2-2026 = 102 points"
bls_eci_total_compensation_us_all_industries_ciu1010000000a,quarterly_value_convention,annualized 12-month pct change; PEBD compounds ANNUAL mean factors,,BLS ECI quarterly values are ANNUALIZED percent changes (each quarter = % change over the prior 12 months) - a naive per-quarter product of them OVERSTATES growth by ~an order of magnitude on long horizons,"PEBD's cumulative 'Wage Inflation Factor' column is EXACTLY the product of its own rounded annual 'Average' factors through CY2024 (verified for all 24 years, zero deviation); a true per-quarter factor would be ^(1/4) - both conventions agree within ~0.01% on FY2009-2017 horizons",
bls_eci_total_compensation_us_all_industries_ciu1010000000a,identity_vs_pebd_quarterly,98/98 exact,,"PEBD NAICS sheet quarterly 'Estimate Value' points (2001 Qtr1 .. 2025 Qtr2) vs live BLS API, max absolute difference 0.0000 pct-pts",r73_pebd_reference_indices.csv NAICS rows vs r140_eci_series.json (pulled this round),confirms the PEBD sheet is a straight copy of this series at its snapshot date
bls_eci_total_compensation_us_all_industries_ciu1010000000a,identity_vs_pebd_cumulative,EXACT x24/24 years (their own factors); live-API recompute max deviation 0.36%,,"PEBD 'Wage Inflation Factor' column = product of its OWN rounded annual 'Average' factors through CY2024 - verified exactly for all 24 rows; recomputing the same convention from the LIVE API (through CY2024) deviates by at most 0.36% (FY2002, BLS vintage revisions)",computed in R140: FY2001 PEBD x2.016259 vs live x2.009896; FY2009 x1.528274 vs x1.528624; FY2017 x1.305976 vs x1.307559,the convention check that proves which index class this series is
bls_eci_total_compensation_us_all_industries_ciu1010000000a,escalation_factor_fy2017_to_q4_2025,1.353618,x (dimensionless),"OSIRIS-REx operations anchor ($210M obligated FY2017-FY2023, operational_costs.csv 'Mission operations' row) carried from FY2017 dollars to Q4-2025",computed in R140 from the live series (true-growth ^(1/4) convention; PEBD's annual-mean-factor convention gives x1.353651 through CY2024 - they agree within 0.01%); through Q2-2026 it is x1.376437,no re-pin - the row already sits at reference_year=2026
bls_eci_total_compensation_us_all_industries_ciu1010000000a,escalation_factor_fy2014_to_q4_2025,1.441749,x (dimensionless),"DSN hourly-rate anchor year (FY2014 DSN budget $210M, IG-15-013; operational_costs.csv 'Deep Space Network time' row note chain)",computed in R140 from the live series; through Q2-2026 it is x1.466054,for comparison: a World Bank CPI chain over FY2009..FY2024 gave x1.4570 (R78) while ECI over that same horizon gives x1.5286 (+4.9%) - the two indices do NOT track at 1% here
bls_eci_total_compensation_us_all_industries_ciu1010000000a,escalation_factor_fy2009_to_q4_2025,1.582453,x (dimensionless),,longest operational horizon in the tables,computed in R140 from the live series; through Q2-2026 it is x1.609130
bls_eci_total_compensation_us_all_industries_ciu1010000000a,series_extremes_2001_2026,peak 5.1 (Q2-2022) / trough 1.4 (Q4-2009),percent change per quarter,,full pulled range Q1-2001..Q2-2026,"r140_eci_series.json (kept in scratch; the series is a live service so only key factors are committed, same convention as the FRED/WB rows)"
