source_id,molecule,bulk_abundance_rel_H2O_100,err_plus,err_minus,north_hemisphere_3p1au,south_hemisphere_3p1au,name,reference,location_in_source,notes
rubin_2019_67p_abundances,H2O,100,,,100,100,Water,,PDF p13 Table 2,May 2015 period; errors 1-sigma except hydrogen halides (observed range); R71 (PDF restored from git 5dd58d5)
rubin_2019_67p_abundances,CO2,4.7,1.4,1.4,2.5,80,Carbon dioxide,this work,PDF p13 Table 2,May 2015 period; errors 1-sigma except hydrogen halides (observed range); R71 (PDF restored from git 5dd58d5)
rubin_2019_67p_abundances,CO,3.1,0.9,0.9,2.7,20,Carbon monoxide,this work,PDF p13 Table 2,May 2015 period; errors 1-sigma except hydrogen halides (observed range); R71 (PDF restored from git 5dd58d5)
rubin_2019_67p_abundances,O2,3.1,1.1,1.1,3.80 +/- 0.85 (Bieler et al. 2015),,Molecular oxygen,this work,PDF p13 Table 2,May 2015 period; errors 1-sigma except hydrogen halides (observed range); R71 (PDF restored from git 5dd58d5)
rubin_2019_67p_abundances,CH4,0.34,0.07,0.07,0.13,0.56,Methane,Schuhmann et al. 2019,PDF p13 Table 2,May 2015 period; errors 1-sigma except hydrogen halides (observed range); R71 (PDF restored from git 5dd58d5)
rubin_2019_67p_abundances,C2H6,0.29,0.06,0.06,0.32,3.3,Ethane,Schuhmann et al. 2019,PDF p13 Table 2,May 2015 period; errors 1-sigma except hydrogen halides (observed range); R71 (PDF restored from git 5dd58d5)
rubin_2019_67p_abundances,C3H8,0.018,0.004,0.004,,,Propane,Schuhmann et al. 2019,PDF p13 Table 2,May 2015 period; errors 1-sigma except hydrogen halides (observed range); R71 (PDF restored from git 5dd58d5)
rubin_2019_67p_abundances,C6H6,0.00069,0.00014,0.00014,,,Benzene,Schuhmann et al. 2019,PDF p13 Table 2,May 2015 period; errors 1-sigma except hydrogen halides (observed range); R71 (PDF restored from git 5dd58d5)
rubin_2019_67p_abundances,C7H8,0.0062,0.0012,0.0012,,,Toluene,Schuhmann et al. 2019,PDF p13 Table 2,May 2015 period; errors 1-sigma except hydrogen halides (observed range); R71 (PDF restored from git 5dd58d5)
rubin_2019_67p_abundances,CH3OH,0.21,0.06,0.06,0.31,0.55,Methanol,Schuhmann et al. in prep.,PDF p13 Table 2,May 2015 period; errors 1-sigma except hydrogen halides (observed range); R71 (PDF restored from git 5dd58d5)
rubin_2019_67p_abundances,C2H5OH,0.039,0.023,0.023,,,Ethanol (dimethyl ether),Schuhmann et al. in prep.,PDF p13 Table 2,May 2015 period; errors 1-sigma except hydrogen halides (observed range); R71 (PDF restored from git 5dd58d5)
rubin_2019_67p_abundances,CH3CH2CHO,0.0047,0.0024,0.0024,,,"Propanal (acetone, propylene oxide)",Schuhmann et al. in prep.,PDF p13 Table 2,May 2015 period; errors 1-sigma except hydrogen halides (observed range); R71 (PDF restored from git 5dd58d5)
rubin_2019_67p_abundances,H2CO,0.32,0.10,0.10,0.33,0.53,Formaldehyde,Schuhmann et al. in prep.,PDF p13 Table 2,May 2015 period; errors 1-sigma except hydrogen halides (observed range); R71 (PDF restored from git 5dd58d5)
rubin_2019_67p_abundances,CH3CHO,0.047,0.017,0.017,0.01,0.024,"Acetaldehyde (ethylene oxide, vinyl alcohol)",Schuhmann et al. in prep.,PDF p13 Table 2,May 2015 period; errors 1-sigma except hydrogen halides (observed range); R71 (PDF restored from git 5dd58d5)
rubin_2019_67p_abundances,HCOOH,0.013,0.008,0.008,0.008,0.03,Formic acid,Schuhmann et al. in prep.,PDF p13 Table 2,May 2015 period; errors 1-sigma except hydrogen halides (observed range); R71 (PDF restored from git 5dd58d5)
rubin_2019_67p_abundances,CH3COOH,0.0034,0.0020,0.0020,0.004,0.023,"Acetic acid (methyl formate, glycolaldehyde)",Schuhmann et al. in prep.,PDF p13 Table 2,May 2015 period; errors 1-sigma except hydrogen halides (observed range); R71 (PDF restored from git 5dd58d5)
rubin_2019_67p_abundances,(CH2OH)2,0.011,0.007,0.007,0.0008,< 0.0025,Ethylene glycol (methoxymethanol),Schuhmann et al. in prep.,PDF p13 Table 2,May 2015 period; errors 1-sigma except hydrogen halides (observed range); R71 (PDF restored from git 5dd58d5)
rubin_2019_67p_abundances,CH3(CH2)2CHO,0.010,0.003,0.003,,,Butanal (ethoxyethene),Schuhmann et al. in prep.,PDF p13 Table 2,May 2015 period; errors 1-sigma except hydrogen halides (observed range); R71 (PDF restored from git 5dd58d5)
rubin_2019_67p_abundances,CH3COOCH3,0.0021,0.0007,0.0007,,,"Methyl acetate (propanoic acid, acetol)",Schuhmann et al. in prep.,PDF p13 Table 2,May 2015 period; errors 1-sigma except hydrogen halides (observed range); R71 (PDF restored from git 5dd58d5)
rubin_2019_67p_abundances,NH3,0.67,0.20,0.20,0.06,0.15,Ammonia,this work,PDF p13 Table 2,May 2015 period; errors 1-sigma except hydrogen halides (observed range); R71 (PDF restored from git 5dd58d5)
rubin_2019_67p_abundances,N2,0.089,0.024,0.024,0.015 to 0.114 (Le Roy et al. 2015; Rubin et al. 2015a),,Molecular nitrogen,Rubin et al. 2018,PDF p13 Table 2,May 2015 period; errors 1-sigma except hydrogen halides (observed range); R71 (PDF restored from git 5dd58d5)
rubin_2019_67p_abundances,HCN,0.14,0.04,0.04,0.09,0.62,Hydrogen cyanide (hydrogen isocyanide),this work,PDF p13 Table 2,May 2015 period; errors 1-sigma except hydrogen halides (observed range); R71 (PDF restored from git 5dd58d5)
rubin_2019_67p_abundances,HNCO,0.027,0.016,0.016,0.016,0.031,Isocyanic acid (cyanic acid),this work,PDF p13 Table 2,May 2015 period; errors 1-sigma except hydrogen halides (observed range); R71 (PDF restored from git 5dd58d5)
rubin_2019_67p_abundances,CH3NO,0.0040,0.0023,0.0023,< 0.0001,0.001,"Formamide (formaldoxime, oxaziridine)",this work,PDF p13 Table 2,May 2015 period; errors 1-sigma except hydrogen halides (observed range); R71 (PDF restored from git 5dd58d5)
rubin_2019_67p_abundances,CH3CN,0.0059,0.0034,0.0034,0.006,0.016,Acetonitrile (isocyanomethane),this work,PDF p13 Table 2,May 2015 period; errors 1-sigma except hydrogen halides (observed range); R71 (PDF restored from git 5dd58d5)
rubin_2019_67p_abundances,HC3N,0.00040,0.00023,0.00023,< 0.00002,< 0.0005,Cyanoacetylene (isocyanoacetylene),this work,PDF p13 Table 2,May 2015 period; errors 1-sigma except hydrogen halides (observed range); R71 (PDF restored from git 5dd58d5)
rubin_2019_67p_abundances,H2S,1.10,0.46,0.46,0.67,1.75,Hydrogen sulfide,Calmonte et al. 2016,PDF p14 Table 2,May 2015 period; errors 1-sigma except hydrogen halides (observed range); R71 (PDF restored from git 5dd58d5)
rubin_2019_67p_abundances,OCS,0.041,0.082,0.020,0.017,0.098,Carbonyl sulfide,Calmonte et al. 2016,PDF p14 Table 2,May 2015 period; errors 1-sigma except hydrogen halides (observed range); asymmetric errors read from the page image (the text layer garbles them); R71 (PDF restored from git 5dd58d5)
rubin_2019_67p_abundances,SO,0.071,0.142,0.037,0.004,0.0014,Sulfur monoxide,Calmonte et al. 2016,PDF p14 Table 2,May 2015 period; errors 1-sigma except hydrogen halides (observed range); asymmetric errors read from the page image (the text layer garbles them); R71 (PDF restored from git 5dd58d5)
rubin_2019_67p_abundances,SO2,0.127,0.254,0.064,0.011,0.041,Sulfur dioxide,Calmonte et al. 2016,PDF p14 Table 2,May 2015 period; errors 1-sigma except hydrogen halides (observed range); asymmetric errors read from the page image (the text layer garbles them); R71 (PDF restored from git 5dd58d5)
rubin_2019_67p_abundances,CS2,0.0057,0.0114,0.0028,0.003,0.024,Carbon disulfide (printed as 'Carbonyl sulfide'),Calmonte et al. 2016,PDF p14 Table 2,"May 2015 period; errors 1-sigma except hydrogen halides (observed range); asymmetric errors read from the page image (the text layer garbles them); the table's name column repeats 'Carbonyl sulfide' for CS2, a source typo; R71 (PDF restored from git 5dd58d5)"
rubin_2019_67p_abundances,S2,0.0020,0.0040,0.0010,0.0004,0.0013,Sulfur dimer,Calmonte et al. 2016,PDF p14 Table 2,May 2015 period; errors 1-sigma except hydrogen halides (observed range); asymmetric errors read from the page image (the text layer garbles them); R71 (PDF restored from git 5dd58d5)
rubin_2019_67p_abundances,H2CS,0.0027,0.0058,0.0024,,,Thioformaldehyde,Calmonte et al. 2016,PDF p14 Table 2,May 2015 period; errors 1-sigma except hydrogen halides (observed range); asymmetric errors read from the page image (the text layer garbles them); R71 (PDF restored from git 5dd58d5)
rubin_2019_67p_abundances,S,0.46,0.36,0.36,,,Atomic sulfur,Calmonte et al. 2016,PDF p14 Table 2,May 2015 period; errors 1-sigma except hydrogen halides (observed range); R71 (PDF restored from git 5dd58d5)
rubin_2019_67p_abundances,CH3SH,0.038,0.079,0.028,,,Methanethiol,Calmonte et al. 2016,PDF p14 Table 2,May 2015 period; errors 1-sigma except hydrogen halides (observed range); asymmetric errors read from the page image (the text layer garbles them); R71 (PDF restored from git 5dd58d5)
rubin_2019_67p_abundances,CH3CH2SH / CH3SCH3,0.00058,0.00123,0.00049,,,Ethanethiol / dimethyl sulfide,Calmonte et al. 2016,PDF p14 Table 2,May 2015 period; errors 1-sigma except hydrogen halides (observed range); asymmetric errors read from the page image (the text layer garbles them); R71 (PDF restored from git 5dd58d5)
rubin_2019_67p_abundances,Ar,0.00058,0.00022,0.00022,0.00012 to 0.0027 (Balsiger et al. 2015),,Argon,Rubin et al. 2018,PDF p14 Table 2,May 2015 period; errors 1-sigma except hydrogen halides (observed range); R71 (PDF restored from git 5dd58d5)
rubin_2019_67p_abundances,Kr,0.000049,0.000022,0.000022,,,Krypton,Rubin et al. 2018,PDF p14 Table 2,May 2015 period; errors 1-sigma except hydrogen halides (observed range); R71 (PDF restored from git 5dd58d5)
rubin_2019_67p_abundances,Xe,0.000024,0.000011,0.000011,,,Xenon,Rubin et al. 2018,PDF p14 Table 2,May 2015 period; errors 1-sigma except hydrogen halides (observed range); R71 (PDF restored from git 5dd58d5)
rubin_2019_67p_abundances,Ne,< 0.000005,,,,,Neon (upper limit),Rubin et al. 2018,PDF p14 Table 2,May 2015 period; errors 1-sigma except hydrogen halides (observed range); R71 (PDF restored from git 5dd58d5)
rubin_2019_67p_abundances,HF,0.011,0.037,0.008,,,Hydrogen fluoride (range given),Dhooghe et al. 2017,PDF p14 Table 2,May 2015 period; errors 1-sigma except hydrogen halides (observed range); asymmetric errors read from the page image (the text layer garbles them); R71 (PDF restored from git 5dd58d5)
rubin_2019_67p_abundances,HCl,0.014,0.045,0.012,,,Hydrogen chloride (range given),Dhooghe et al. 2017,PDF p14 Table 2,May 2015 period; errors 1-sigma except hydrogen halides (observed range); asymmetric errors read from the page image (the text layer garbles them); R71 (PDF restored from git 5dd58d5)
rubin_2019_67p_abundances,HBr,0.00030,0.00053,0.00018,,,Hydrogen bromide (range given),Dhooghe et al. 2017,PDF p14 Table 2,May 2015 period; errors 1-sigma except hydrogen halides (observed range); asymmetric errors read from the page image (the text layer garbles them); R71 (PDF restored from git 5dd58d5)
rubin_2019_67p_abundances,PO,0.011,0.022,0.006,,,Phosphorus monoxide,Rivilla et al. in prep.,PDF p14 Table 2,May 2015 period; errors 1-sigma except hydrogen halides (observed range); asymmetric errors read from the page image (the text layer garbles them); R71 (PDF restored from git 5dd58d5)
