source_id,table,compilation,item,value,unit,location_in_source,notes
lodders_2010_solar_abundances,Table 4 present-day solar,this work,Z/X,0.0191,mass fraction,PDF p28 Table 4,"R72 (PDF restored from git 5dd58d5); text layer, checked: X+Y+Z = 1 for each compilation. AG89 has no present-day He abundance (table note)."
lodders_2010_solar_abundances,Table 4 present-day solar,this work,X (H mass fraction),0.739,mass fraction,PDF p28 Table 4,"R72 (PDF restored from git 5dd58d5); text layer, checked: X+Y+Z = 1 for each compilation. AG89 has no present-day He abundance (table note)."
lodders_2010_solar_abundances,Table 4 present-day solar,this work,Y (He mass fraction),0.2469,mass fraction,PDF p28 Table 4,"R72 (PDF restored from git 5dd58d5); text layer, checked: X+Y+Z = 1 for each compilation. AG89 has no present-day He abundance (table note)."
lodders_2010_solar_abundances,Table 4 present-day solar,this work,Z (heavy-element mass fraction),0.0141,mass fraction,PDF p28 Table 4,"R72 (PDF restored from git 5dd58d5); text layer, checked: X+Y+Z = 1 for each compilation. AG89 has no present-day He abundance (table note)."
lodders_2010_solar_abundances,Table 4 present-day solar,this work,A(He),10.925,dex (log N(H)=12),PDF p28 Table 4,"R72 (PDF restored from git 5dd58d5); text layer, checked: X+Y+Z = 1 for each compilation. AG89 has no present-day He abundance (table note)."
lodders_2010_solar_abundances,Table 4 present-day solar,"A05, G07",Z/X,0.0165,mass fraction,PDF p28 Table 4,"R72 (PDF restored from git 5dd58d5); text layer, checked: X+Y+Z = 1 for each compilation. AG89 has no present-day He abundance (table note)."
lodders_2010_solar_abundances,Table 4 present-day solar,"A05, G07",X (H mass fraction),0.7383,mass fraction,PDF p28 Table 4,"R72 (PDF restored from git 5dd58d5); text layer, checked: X+Y+Z = 1 for each compilation. AG89 has no present-day He abundance (table note)."
lodders_2010_solar_abundances,Table 4 present-day solar,"A05, G07",Y (He mass fraction),0.2495,mass fraction,PDF p28 Table 4,"R72 (PDF restored from git 5dd58d5); text layer, checked: X+Y+Z = 1 for each compilation. AG89 has no present-day He abundance (table note)."
lodders_2010_solar_abundances,Table 4 present-day solar,"A05, G07",Z (heavy-element mass fraction),0.0122,mass fraction,PDF p28 Table 4,"R72 (PDF restored from git 5dd58d5); text layer, checked: X+Y+Z = 1 for each compilation. AG89 has no present-day He abundance (table note)."
lodders_2010_solar_abundances,Table 4 present-day solar,"A05, G07",A(He),10.93,dex (log N(H)=12),PDF p28 Table 4,"R72 (PDF restored from git 5dd58d5); text layer, checked: X+Y+Z = 1 for each compilation. AG89 has no present-day He abundance (table note)."
lodders_2010_solar_abundances,Table 4 present-day solar,GS98,Z/X,0.0231,mass fraction,PDF p28 Table 4,"R72 (PDF restored from git 5dd58d5); text layer, checked: X+Y+Z = 1 for each compilation. AG89 has no present-day He abundance (table note)."
lodders_2010_solar_abundances,Table 4 present-day solar,GS98,X (H mass fraction),0.7347,mass fraction,PDF p28 Table 4,"R72 (PDF restored from git 5dd58d5); text layer, checked: X+Y+Z = 1 for each compilation. AG89 has no present-day He abundance (table note)."
lodders_2010_solar_abundances,Table 4 present-day solar,GS98,Y (He mass fraction),0.2483,mass fraction,PDF p28 Table 4,"R72 (PDF restored from git 5dd58d5); text layer, checked: X+Y+Z = 1 for each compilation. AG89 has no present-day He abundance (table note)."
lodders_2010_solar_abundances,Table 4 present-day solar,GS98,Z (heavy-element mass fraction),0.0169,mass fraction,PDF p28 Table 4,"R72 (PDF restored from git 5dd58d5); text layer, checked: X+Y+Z = 1 for each compilation. AG89 has no present-day He abundance (table note)."
lodders_2010_solar_abundances,Table 4 present-day solar,GS98,A(He),10.93,dex (log N(H)=12),PDF p28 Table 4,"R72 (PDF restored from git 5dd58d5); text layer, checked: X+Y+Z = 1 for each compilation. AG89 has no present-day He abundance (table note)."
lodders_2010_solar_abundances,Table 5 present-day solar composition by mass,this work,H (=X),73.9,mass %,PDF p29 Table 5,"R72 (PDF restored from git 5dd58d5); text layer, checked: heavy elements O..other sum to the printed Z and all rows sum to 100% within rounding. Elements in order of decreasing mass concentration (Fe is 4th of the heavy elements; Si+Mg+Fe = 0.25 mass %)."
lodders_2010_solar_abundances,Table 5 present-day solar composition by mass,this work,He (=Y),24.69,mass %,PDF p29 Table 5,"R72 (PDF restored from git 5dd58d5); text layer, checked: heavy elements O..other sum to the printed Z and all rows sum to 100% within rounding. Elements in order of decreasing mass concentration (Fe is 4th of the heavy elements; Si+Mg+Fe = 0.25 mass %)."
lodders_2010_solar_abundances,Table 5 present-day solar composition by mass,this work,O,0.63,mass %,PDF p29 Table 5,"R72 (PDF restored from git 5dd58d5); text layer, checked: heavy elements O..other sum to the printed Z and all rows sum to 100% within rounding. Elements in order of decreasing mass concentration (Fe is 4th of the heavy elements; Si+Mg+Fe = 0.25 mass %)."
lodders_2010_solar_abundances,Table 5 present-day solar composition by mass,this work,C,0.22,mass %,PDF p29 Table 5,"R72 (PDF restored from git 5dd58d5); text layer, checked: heavy elements O..other sum to the printed Z and all rows sum to 100% within rounding. Elements in order of decreasing mass concentration (Fe is 4th of the heavy elements; Si+Mg+Fe = 0.25 mass %)."
lodders_2010_solar_abundances,Table 5 present-day solar composition by mass,this work,Ne,0.17,mass %,PDF p29 Table 5,"R72 (PDF restored from git 5dd58d5); text layer, checked: heavy elements O..other sum to the printed Z and all rows sum to 100% within rounding. Elements in order of decreasing mass concentration (Fe is 4th of the heavy elements; Si+Mg+Fe = 0.25 mass %)."
lodders_2010_solar_abundances,Table 5 present-day solar composition by mass,this work,Fe,0.12,mass %,PDF p29 Table 5,"R72 (PDF restored from git 5dd58d5); text layer, checked: heavy elements O..other sum to the printed Z and all rows sum to 100% within rounding. Elements in order of decreasing mass concentration (Fe is 4th of the heavy elements; Si+Mg+Fe = 0.25 mass %)."
lodders_2010_solar_abundances,Table 5 present-day solar composition by mass,this work,N,0.07,mass %,PDF p29 Table 5,"R72 (PDF restored from git 5dd58d5); text layer, checked: heavy elements O..other sum to the printed Z and all rows sum to 100% within rounding. Elements in order of decreasing mass concentration (Fe is 4th of the heavy elements; Si+Mg+Fe = 0.25 mass %)."
lodders_2010_solar_abundances,Table 5 present-day solar composition by mass,this work,Si,0.07,mass %,PDF p29 Table 5,"R72 (PDF restored from git 5dd58d5); text layer, checked: heavy elements O..other sum to the printed Z and all rows sum to 100% within rounding. Elements in order of decreasing mass concentration (Fe is 4th of the heavy elements; Si+Mg+Fe = 0.25 mass %)."
lodders_2010_solar_abundances,Table 5 present-day solar composition by mass,this work,Mg,0.06,mass %,PDF p29 Table 5,"R72 (PDF restored from git 5dd58d5); text layer, checked: heavy elements O..other sum to the printed Z and all rows sum to 100% within rounding. Elements in order of decreasing mass concentration (Fe is 4th of the heavy elements; Si+Mg+Fe = 0.25 mass %)."
lodders_2010_solar_abundances,Table 5 present-day solar composition by mass,this work,S,0.03,mass %,PDF p29 Table 5,"R72 (PDF restored from git 5dd58d5); text layer, checked: heavy elements O..other sum to the printed Z and all rows sum to 100% within rounding. Elements in order of decreasing mass concentration (Fe is 4th of the heavy elements; Si+Mg+Fe = 0.25 mass %)."
lodders_2010_solar_abundances,Table 5 present-day solar composition by mass,this work,all other elements,0.04,mass %,PDF p29 Table 5,"R72 (PDF restored from git 5dd58d5); text layer, checked: heavy elements O..other sum to the printed Z and all rows sum to 100% within rounding. Elements in order of decreasing mass concentration (Fe is 4th of the heavy elements; Si+Mg+Fe = 0.25 mass %)."
lodders_2010_solar_abundances,Table 5 present-day solar composition by mass,this work,total heavy elements (=Z),1.41,mass %,PDF p29 Table 5,"R72 (PDF restored from git 5dd58d5); text layer, checked: heavy elements O..other sum to the printed Z and all rows sum to 100% within rounding. Elements in order of decreasing mass concentration (Fe is 4th of the heavy elements; Si+Mg+Fe = 0.25 mass %)."
lodders_2010_solar_abundances,Table 5 present-day solar composition by mass,"A05, G07",H (=X),73.92,mass %,PDF p29 Table 5,"R72 (PDF restored from git 5dd58d5); text layer, checked: heavy elements O..other sum to the printed Z and all rows sum to 100% within rounding. Elements in order of decreasing mass concentration (Fe is 4th of the heavy elements; Si+Mg+Fe = 0.25 mass %)."
lodders_2010_solar_abundances,Table 5 present-day solar composition by mass,"A05, G07",He (=Y),24.86,mass %,PDF p29 Table 5,"R72 (PDF restored from git 5dd58d5); text layer, checked: heavy elements O..other sum to the printed Z and all rows sum to 100% within rounding. Elements in order of decreasing mass concentration (Fe is 4th of the heavy elements; Si+Mg+Fe = 0.25 mass %)."
lodders_2010_solar_abundances,Table 5 present-day solar composition by mass,"A05, G07",O,0.54,mass %,PDF p29 Table 5,"R72 (PDF restored from git 5dd58d5); text layer, checked: heavy elements O..other sum to the printed Z and all rows sum to 100% within rounding. Elements in order of decreasing mass concentration (Fe is 4th of the heavy elements; Si+Mg+Fe = 0.25 mass %)."
lodders_2010_solar_abundances,Table 5 present-day solar composition by mass,"A05, G07",C,0.22,mass %,PDF p29 Table 5,"R72 (PDF restored from git 5dd58d5); text layer, checked: heavy elements O..other sum to the printed Z and all rows sum to 100% within rounding. Elements in order of decreasing mass concentration (Fe is 4th of the heavy elements; Si+Mg+Fe = 0.25 mass %)."
lodders_2010_solar_abundances,Table 5 present-day solar composition by mass,"A05, G07",Ne,0.1,mass %,PDF p29 Table 5,"R72 (PDF restored from git 5dd58d5); text layer, checked: heavy elements O..other sum to the printed Z and all rows sum to 100% within rounding. Elements in order of decreasing mass concentration (Fe is 4th of the heavy elements; Si+Mg+Fe = 0.25 mass %)."
lodders_2010_solar_abundances,Table 5 present-day solar composition by mass,"A05, G07",Fe,0.12,mass %,PDF p29 Table 5,"R72 (PDF restored from git 5dd58d5); text layer, checked: heavy elements O..other sum to the printed Z and all rows sum to 100% within rounding. Elements in order of decreasing mass concentration (Fe is 4th of the heavy elements; Si+Mg+Fe = 0.25 mass %)."
lodders_2010_solar_abundances,Table 5 present-day solar composition by mass,"A05, G07",N,0.06,mass %,PDF p29 Table 5,"R72 (PDF restored from git 5dd58d5); text layer, checked: heavy elements O..other sum to the printed Z and all rows sum to 100% within rounding. Elements in order of decreasing mass concentration (Fe is 4th of the heavy elements; Si+Mg+Fe = 0.25 mass %)."
lodders_2010_solar_abundances,Table 5 present-day solar composition by mass,"A05, G07",Si,0.07,mass %,PDF p29 Table 5,"R72 (PDF restored from git 5dd58d5); text layer, checked: heavy elements O..other sum to the printed Z and all rows sum to 100% within rounding. Elements in order of decreasing mass concentration (Fe is 4th of the heavy elements; Si+Mg+Fe = 0.25 mass %)."
lodders_2010_solar_abundances,Table 5 present-day solar composition by mass,"A05, G07",Mg,0.06,mass %,PDF p29 Table 5,"R72 (PDF restored from git 5dd58d5); text layer, checked: heavy elements O..other sum to the printed Z and all rows sum to 100% within rounding. Elements in order of decreasing mass concentration (Fe is 4th of the heavy elements; Si+Mg+Fe = 0.25 mass %)."
lodders_2010_solar_abundances,Table 5 present-day solar composition by mass,"A05, G07",S,0.03,mass %,PDF p29 Table 5,"R72 (PDF restored from git 5dd58d5); text layer, checked: heavy elements O..other sum to the printed Z and all rows sum to 100% within rounding. Elements in order of decreasing mass concentration (Fe is 4th of the heavy elements; Si+Mg+Fe = 0.25 mass %)."
lodders_2010_solar_abundances,Table 5 present-day solar composition by mass,"A05, G07",all other elements,0.02,mass %,PDF p29 Table 5,"R72 (PDF restored from git 5dd58d5); text layer, checked: heavy elements O..other sum to the printed Z and all rows sum to 100% within rounding. Elements in order of decreasing mass concentration (Fe is 4th of the heavy elements; Si+Mg+Fe = 0.25 mass %)."
lodders_2010_solar_abundances,Table 5 present-day solar composition by mass,"A05, G07",total heavy elements (=Z),1.22,mass %,PDF p29 Table 5,"R72 (PDF restored from git 5dd58d5); text layer, checked: heavy elements O..other sum to the printed Z and all rows sum to 100% within rounding. Elements in order of decreasing mass concentration (Fe is 4th of the heavy elements; Si+Mg+Fe = 0.25 mass %)."
lodders_2010_solar_abundances,Table 5 present-day solar composition by mass,GS98,H (=X),73.47,mass %,PDF p29 Table 5,"R72 (PDF restored from git 5dd58d5); text layer, checked: heavy elements O..other sum to the printed Z and all rows sum to 100% within rounding. Elements in order of decreasing mass concentration (Fe is 4th of the heavy elements; Si+Mg+Fe = 0.25 mass %)."
lodders_2010_solar_abundances,Table 5 present-day solar composition by mass,GS98,He (=Y),24.83,mass %,PDF p29 Table 5,"R72 (PDF restored from git 5dd58d5); text layer, checked: heavy elements O..other sum to the printed Z and all rows sum to 100% within rounding. Elements in order of decreasing mass concentration (Fe is 4th of the heavy elements; Si+Mg+Fe = 0.25 mass %)."
lodders_2010_solar_abundances,Table 5 present-day solar composition by mass,GS98,O,0.79,mass %,PDF p29 Table 5,"R72 (PDF restored from git 5dd58d5); text layer, checked: heavy elements O..other sum to the printed Z and all rows sum to 100% within rounding. Elements in order of decreasing mass concentration (Fe is 4th of the heavy elements; Si+Mg+Fe = 0.25 mass %)."
lodders_2010_solar_abundances,Table 5 present-day solar composition by mass,GS98,C,0.29,mass %,PDF p29 Table 5,"R72 (PDF restored from git 5dd58d5); text layer, checked: heavy elements O..other sum to the printed Z and all rows sum to 100% within rounding. Elements in order of decreasing mass concentration (Fe is 4th of the heavy elements; Si+Mg+Fe = 0.25 mass %)."
lodders_2010_solar_abundances,Table 5 present-day solar composition by mass,GS98,Ne,0.18,mass %,PDF p29 Table 5,"R72 (PDF restored from git 5dd58d5); text layer, checked: heavy elements O..other sum to the printed Z and all rows sum to 100% within rounding. Elements in order of decreasing mass concentration (Fe is 4th of the heavy elements; Si+Mg+Fe = 0.25 mass %)."
lodders_2010_solar_abundances,Table 5 present-day solar composition by mass,GS98,Fe,0.13,mass %,PDF p29 Table 5,"R72 (PDF restored from git 5dd58d5); text layer, checked: heavy elements O..other sum to the printed Z and all rows sum to 100% within rounding. Elements in order of decreasing mass concentration (Fe is 4th of the heavy elements; Si+Mg+Fe = 0.25 mass %)."
lodders_2010_solar_abundances,Table 5 present-day solar composition by mass,GS98,N,0.08,mass %,PDF p29 Table 5,"R72 (PDF restored from git 5dd58d5); text layer, checked: heavy elements O..other sum to the printed Z and all rows sum to 100% within rounding. Elements in order of decreasing mass concentration (Fe is 4th of the heavy elements; Si+Mg+Fe = 0.25 mass %)."
lodders_2010_solar_abundances,Table 5 present-day solar composition by mass,GS98,Si,0.07,mass %,PDF p29 Table 5,"R72 (PDF restored from git 5dd58d5); text layer, checked: heavy elements O..other sum to the printed Z and all rows sum to 100% within rounding. Elements in order of decreasing mass concentration (Fe is 4th of the heavy elements; Si+Mg+Fe = 0.25 mass %)."
lodders_2010_solar_abundances,Table 5 present-day solar composition by mass,GS98,Mg,0.07,mass %,PDF p29 Table 5,"R72 (PDF restored from git 5dd58d5); text layer, checked: heavy elements O..other sum to the printed Z and all rows sum to 100% within rounding. Elements in order of decreasing mass concentration (Fe is 4th of the heavy elements; Si+Mg+Fe = 0.25 mass %)."
lodders_2010_solar_abundances,Table 5 present-day solar composition by mass,GS98,S,0.05,mass %,PDF p29 Table 5,"R72 (PDF restored from git 5dd58d5); text layer, checked: heavy elements O..other sum to the printed Z and all rows sum to 100% within rounding. Elements in order of decreasing mass concentration (Fe is 4th of the heavy elements; Si+Mg+Fe = 0.25 mass %)."
lodders_2010_solar_abundances,Table 5 present-day solar composition by mass,GS98,all other elements,0.04,mass %,PDF p29 Table 5,"R72 (PDF restored from git 5dd58d5); text layer, checked: heavy elements O..other sum to the printed Z and all rows sum to 100% within rounding. Elements in order of decreasing mass concentration (Fe is 4th of the heavy elements; Si+Mg+Fe = 0.25 mass %)."
lodders_2010_solar_abundances,Table 5 present-day solar composition by mass,GS98,total heavy elements (=Z),1.69,mass %,PDF p29 Table 5,"R72 (PDF restored from git 5dd58d5); text layer, checked: heavy elements O..other sum to the printed Z and all rows sum to 100% within rounding. Elements in order of decreasing mass concentration (Fe is 4th of the heavy elements; Si+Mg+Fe = 0.25 mass %)."
lodders_2010_solar_abundances,Table 7 protosolar (4.56 Ga),this work (a),Z0/X0,0.0215,mass fraction,PDF p33 Table 7,"R72 (PDF restored from git 5dd58d5); text layer, checked: X0+Y0+Z0 = 1. Conversion used: A(He)0 = A(He) + 0.061, A(X)0 = A(X) + 0.053 for heavier elements (p30; note a)."
lodders_2010_solar_abundances,Table 7 protosolar (4.56 Ga),this work (a),X0,0.7112,mass fraction,PDF p33 Table 7,"R72 (PDF restored from git 5dd58d5); text layer, checked: X0+Y0+Z0 = 1. Conversion used: A(He)0 = A(He) + 0.061, A(X)0 = A(X) + 0.053 for heavier elements (p30; note a)."
lodders_2010_solar_abundances,Table 7 protosolar (4.56 Ga),this work (a),Y0,0.2735,mass fraction,PDF p33 Table 7,"R72 (PDF restored from git 5dd58d5); text layer, checked: X0+Y0+Z0 = 1. Conversion used: A(He)0 = A(He) + 0.061, A(X)0 = A(X) + 0.053 for heavier elements (p30; note a)."
lodders_2010_solar_abundances,Table 7 protosolar (4.56 Ga),this work (a),Z0,0.0153,mass fraction,PDF p33 Table 7,"R72 (PDF restored from git 5dd58d5); text layer, checked: X0+Y0+Z0 = 1. Conversion used: A(He)0 = A(He) + 0.061, A(X)0 = A(X) + 0.053 for heavier elements (p30; note a)."
lodders_2010_solar_abundances,Table 7 protosolar (4.56 Ga),this work (a),A(He)0,10.986,dex (log N(H)=12),PDF p33 Table 7,"R72 (PDF restored from git 5dd58d5); text layer, checked: X0+Y0+Z0 = 1. Conversion used: A(He)0 = A(He) + 0.061, A(X)0 = A(X) + 0.053 for heavier elements (p30; note a)."
lodders_2010_solar_abundances,Table 7 protosolar (4.56 Ga),"A05, G07 (b)",Z0/X0,0.0185,mass fraction,PDF p33 Table 7,"R72 (PDF restored from git 5dd58d5); text layer, checked: X0+Y0+Z0 = 1. Conversion used: A(He)0 = A(He) + 0.061, A(X)0 = A(X) + 0.053 for heavier elements (p30; note a)."
lodders_2010_solar_abundances,Table 7 protosolar (4.56 Ga),"A05, G07 (b)",X0,0.7133,mass fraction,PDF p33 Table 7,"R72 (PDF restored from git 5dd58d5); text layer, checked: X0+Y0+Z0 = 1. Conversion used: A(He)0 = A(He) + 0.061, A(X)0 = A(X) + 0.053 for heavier elements (p30; note a)."
lodders_2010_solar_abundances,Table 7 protosolar (4.56 Ga),"A05, G07 (b)",Y0,0.2735,mass fraction,PDF p33 Table 7,"R72 (PDF restored from git 5dd58d5); text layer, checked: X0+Y0+Z0 = 1. Conversion used: A(He)0 = A(He) + 0.061, A(X)0 = A(X) + 0.053 for heavier elements (p30; note a)."
lodders_2010_solar_abundances,Table 7 protosolar (4.56 Ga),"A05, G07 (b)",Z0,0.0132,mass fraction,PDF p33 Table 7,"R72 (PDF restored from git 5dd58d5); text layer, checked: X0+Y0+Z0 = 1. Conversion used: A(He)0 = A(He) + 0.061, A(X)0 = A(X) + 0.053 for heavier elements (p30; note a)."
lodders_2010_solar_abundances,Table 7 protosolar (4.56 Ga),"A05, G07 (b)",A(He)0,10.985,dex (log N(H)=12),PDF p33 Table 7,"R72 (PDF restored from git 5dd58d5); text layer, checked: X0+Y0+Z0 = 1. Conversion used: A(He)0 = A(He) + 0.061, A(X)0 = A(X) + 0.053 for heavier elements (p30; note a)."
lodders_2010_solar_abundances,Table 7 protosolar (4.56 Ga),GS98 (c),Z0/X0,0.0231,mass fraction,PDF p33 Table 7,"R72 (PDF restored from git 5dd58d5); text layer, checked: X0+Y0+Z0 = 1. Conversion used: A(He)0 = A(He) + 0.061, A(X)0 = A(X) + 0.053 for heavier elements (p30; note a)."
lodders_2010_solar_abundances,Table 7 protosolar (4.56 Ga),GS98 (c),X0,0.7086,mass fraction,PDF p33 Table 7,"R72 (PDF restored from git 5dd58d5); text layer, checked: X0+Y0+Z0 = 1. Conversion used: A(He)0 = A(He) + 0.061, A(X)0 = A(X) + 0.053 for heavier elements (p30; note a)."
lodders_2010_solar_abundances,Table 7 protosolar (4.56 Ga),GS98 (c),Y0,0.275,mass fraction,PDF p33 Table 7,"R72 (PDF restored from git 5dd58d5); text layer, checked: X0+Y0+Z0 = 1. Conversion used: A(He)0 = A(He) + 0.061, A(X)0 = A(X) + 0.053 for heavier elements (p30; note a)."
lodders_2010_solar_abundances,Table 7 protosolar (4.56 Ga),GS98 (c),Z0,0.0163,mass fraction,PDF p33 Table 7,"R72 (PDF restored from git 5dd58d5); text layer, checked: X0+Y0+Z0 = 1. Conversion used: A(He)0 = A(He) + 0.061, A(X)0 = A(X) + 0.053 for heavier elements (p30; note a)."
lodders_2010_solar_abundances,Table 7 protosolar (4.56 Ga),GS98 (c),A(He)0,10.99,dex (log N(H)=12),PDF p33 Table 7,"R72 (PDF restored from git 5dd58d5); text layer, checked: X0+Y0+Z0 = 1. Conversion used: A(He)0 = A(He) + 0.061, A(X)0 = A(X) + 0.053 for heavier elements (p30; note a)."
lodders_2010_solar_abundances,Table 7 protosolar (4.56 Ga),AG89 (d),Z0/X0,0.0267,mass fraction,PDF p33 Table 7,"R72 (PDF restored from git 5dd58d5); text layer, checked: X0+Y0+Z0 = 1. Conversion used: A(He)0 = A(He) + 0.061, A(X)0 = A(X) + 0.053 for heavier elements (p30; note a)."
lodders_2010_solar_abundances,Table 7 protosolar (4.56 Ga),AG89 (d),X0,0.7068,mass fraction,PDF p33 Table 7,"R72 (PDF restored from git 5dd58d5); text layer, checked: X0+Y0+Z0 = 1. Conversion used: A(He)0 = A(He) + 0.061, A(X)0 = A(X) + 0.053 for heavier elements (p30; note a)."
lodders_2010_solar_abundances,Table 7 protosolar (4.56 Ga),AG89 (d),Y0,0.2743,mass fraction,PDF p33 Table 7,"R72 (PDF restored from git 5dd58d5); text layer, checked: X0+Y0+Z0 = 1. Conversion used: A(He)0 = A(He) + 0.061, A(X)0 = A(X) + 0.053 for heavier elements (p30; note a)."
lodders_2010_solar_abundances,Table 7 protosolar (4.56 Ga),AG89 (d),Z0,0.0189,mass fraction,PDF p33 Table 7,"R72 (PDF restored from git 5dd58d5); text layer, checked: X0+Y0+Z0 = 1. Conversion used: A(He)0 = A(He) + 0.061, A(X)0 = A(X) + 0.053 for heavier elements (p30; note a)."
lodders_2010_solar_abundances,Table 7 protosolar (4.56 Ga),AG89 (d),A(He)0,10.99,dex (log N(H)=12),PDF p33 Table 7,"R72 (PDF restored from git 5dd58d5); text layer, checked: X0+Y0+Z0 = 1. Conversion used: A(He)0 = A(He) + 0.061, A(X)0 = A(X) + 0.053 for heavier elements (p30; note a)."
lodders_2010_solar_abundances,Sec 4 text,this work,X adopted from helioseismic models (Basu & Anita 2004),0.7389 +/- 0.0034,mass fraction,PDF p28,"Z/X = 0.0191 from Table 3 with X = 0.739 gives Z = 0.0141, Y = 0.2469; R72"
lodders_2010_solar_abundances,Sec 5 text,this work,diffusive settling since formation,~13% (elements heavier than He); ~15% (He),% decrease from protosolar,PDF p30,basis of the +0.053 / +0.061 dex present-day to protosolar corrections; R72
