source_id,test_point,voltage_V,current_A,power_kW,mass_flow_kg_per_s_x1e5,specific_power_MJ_per_kg,thrust_mN,isp_s,efficiency,feed_pressure_kPa,housing_temperature_C,location_in_source,notes
morren_curran_1991,0 h,94,10.7,1.00,3.00,33.4,143,485,0.333,392,1127,PDF p16 Table II,"R70: read from the rendered page image of the hosted PDF 2026-09-26 (scan or table without a usable text layer); each value checked against its row label; H2:N2 2:1 simulating hydrazine; rows checked V*I=P, P/mdot and T/(mdot g0)=Isp to within 2-3%"
morren_curran_1991,0 h,89,14.0,1.25,3.01,41.5,156,529,0.320,426,1277,PDF p16 Table II,"R70: read from the rendered page image of the hosted PDF 2026-09-26 (scan or table without a usable text layer); each value checked against its row label; H2:N2 2:1 simulating hydrazine; rows checked V*I=P, P/mdot and T/(mdot g0)=Isp to within 2-3%"
morren_curran_1991,0 h,109,9.1,0.99,4.00,24.9,173,441,0.366,463,960,PDF p16 Table II,"R70: read from the rendered page image of the hosted PDF 2026-09-26 (scan or table without a usable text layer); each value checked against its row label; H2:N2 2:1 simulating hydrazine; rows checked V*I=P, P/mdot and T/(mdot g0)=Isp to within 2-3%"
morren_curran_1991,0 h,103,12.2,1.25,4.03,31.0,191,483,0.354,502,1088,PDF p16 Table II,"R70: read from the rendered page image of the hosted PDF 2026-09-26 (scan or table without a usable text layer); each value checked against its row label; H2:N2 2:1 simulating hydrazine; rows checked V*I=P, P/mdot and T/(mdot g0)=Isp to within 2-3%"
morren_curran_1991,0 h,99,15.1,1.50,4.04,37.1,207,523,0.349,533,1222,PDF p16 Table II,"R70: read from the rendered page image of the hosted PDF 2026-09-26 (scan or table without a usable text layer); each value checked against its row label; H2:N2 2:1 simulating hydrazine; rows checked V*I=P, P/mdot and T/(mdot g0)=Isp to within 2-3%"
morren_curran_1991,0 h,98,17.9,1.75,4.04,43.4,221,559,0.342,563,1351,PDF p16 Table II,"R70: read from the rendered page image of the hosted PDF 2026-09-26 (scan or table without a usable text layer); each value checked against its row label; H2:N2 2:1 simulating hydrazine; rows checked V*I=P, P/mdot and T/(mdot g0)=Isp to within 2-3%"
morren_curran_1991,0 h,121,8.2,0.99,4.99,19.9,197,403,0.381,529,797,PDF p16 Table II,"R70: read from the rendered page image of the hosted PDF 2026-09-26 (scan or table without a usable text layer); each value checked against its row label; H2:N2 2:1 simulating hydrazine; rows checked V*I=P, P/mdot and T/(mdot g0)=Isp to within 2-3%"
morren_curran_1991,0 h,113,11.0,1.25,5.00,24.9,221,450,0.381,575,981,PDF p16 Table II,"R70: read from the rendered page image of the hosted PDF 2026-09-26 (scan or table without a usable text layer); each value checked against its row label; H2:N2 2:1 simulating hydrazine; rows checked V*I=P, P/mdot and T/(mdot g0)=Isp to within 2-3%"
morren_curran_1991,0 h,109,13.8,1.50,5.00,30.1,241,491,0.377,613,1119,PDF p16 Table II,"R70: read from the rendered page image of the hosted PDF 2026-09-26 (scan or table without a usable text layer); each value checked against its row label; H2:N2 2:1 simulating hydrazine; rows checked V*I=P, P/mdot and T/(mdot g0)=Isp to within 2-3%"
morren_curran_1991,0 h,107,16.4,1.75,5.00,35.0,257,524,0.370,643,1225,PDF p16 Table II,"R70: read from the rendered page image of the hosted PDF 2026-09-26 (scan or table without a usable text layer); each value checked against its row label; H2:N2 2:1 simulating hydrazine; rows checked V*I=P, P/mdot and T/(mdot g0)=Isp to within 2-3%"
morren_curran_1991,0 h,105,19.0,2.00,5.00,40.0,272,554,0.363,672,1326,PDF p16 Table II,"R70: read from the rendered page image of the hosted PDF 2026-09-26 (scan or table without a usable text layer); each value checked against its row label; H2:N2 2:1 simulating hydrazine; rows checked V*I=P, P/mdot and T/(mdot g0)=Isp to within 2-3%"
morren_curran_1991,100 h,104,9.6,1.00,2.99,33.5,143,487,0.335,400,1122,PDF p16 Table II,"R70: read from the rendered page image of the hosted PDF 2026-09-26 (scan or table without a usable text layer); each value checked against its row label; H2:N2 2:1 simulating hydrazine; rows checked V*I=P, P/mdot and T/(mdot g0)=Isp to within 2-3%"
morren_curran_1991,100 h,97,12.9,1.26,3.00,41.9,156,530,0.318,435,1249,PDF p16 Table II,"R70: read from the rendered page image of the hosted PDF 2026-09-26 (scan or table without a usable text layer); each value checked against its row label; H2:N2 2:1 simulating hydrazine; rows checked V*I=P, P/mdot and T/(mdot g0)=Isp to within 2-3%"
morren_curran_1991,100 h,94,15.9,1.50,3.00,50.1,166,565,0.303,464,1363,PDF p16 Table II,"R70: read from the rendered page image of the hosted PDF 2026-09-26 (scan or table without a usable text layer); each value checked against its row label; H2:N2 2:1 simulating hydrazine; rows checked V*I=P, P/mdot and T/(mdot g0)=Isp to within 2-3%"
morren_curran_1991,100 h,121,8.3,1.00,4.01,25.0,176,447,0.376,478,972,PDF p16 Table II,"R70: read from the rendered page image of the hosted PDF 2026-09-26 (scan or table without a usable text layer); each value checked against its row label; H2:N2 2:1 simulating hydrazine; rows checked V*I=P, P/mdot and T/(mdot g0)=Isp to within 2-3%"
morren_curran_1991,100 h,111,11.3,1.25,3.98,31.5,193,493,0.365,514,1098,PDF p16 Table II,"R70: read from the rendered page image of the hosted PDF 2026-09-26 (scan or table without a usable text layer); each value checked against its row label; H2:N2 2:1 simulating hydrazine; rows checked V*I=P, P/mdot and T/(mdot g0)=Isp to within 2-3%"
morren_curran_1991,100 h,107,14.1,1.51,4.00,37.7,205,522,0.342,550,1239,PDF p16 Table II,"R70: read from the rendered page image of the hosted PDF 2026-09-26 (scan or table without a usable text layer); each value checked against its row label; H2:N2 2:1 simulating hydrazine; rows checked V*I=P, P/mdot and T/(mdot g0)=Isp to within 2-3%"
morren_curran_1991,100 h,104,16.7,1.75,4.00,43.6,218,556,0.336,580,1330,PDF p16 Table II,"R70: read from the rendered page image of the hosted PDF 2026-09-26 (scan or table without a usable text layer); each value checked against its row label; H2:N2 2:1 simulating hydrazine; rows checked V*I=P, P/mdot and T/(mdot g0)=Isp to within 2-3%"
morren_curran_1991,100 h,123,10.2,1.25,5.02,24.9,224,455,0.391,590,955,PDF p16 Table II,"R70: read from the rendered page image of the hosted PDF 2026-09-26 (scan or table without a usable text layer); each value checked against its row label; H2:N2 2:1 simulating hydrazine; rows checked V*I=P, P/mdot and T/(mdot g0)=Isp to within 2-3%"
morren_curran_1991,100 h,118,12.7,1.50,5.03,29.9,244,494,0.385,630,1085,PDF p16 Table II,"R70: read from the rendered page image of the hosted PDF 2026-09-26 (scan or table without a usable text layer); each value checked against its row label; H2:N2 2:1 simulating hydrazine; rows checked V*I=P, P/mdot and T/(mdot g0)=Isp to within 2-3%"
morren_curran_1991,100 h,115,15.3,1.75,5.02,34.9,258,524,0.371,664,1206,PDF p16 Table II,"R70: read from the rendered page image of the hosted PDF 2026-09-26 (scan or table without a usable text layer); each value checked against its row label; H2:N2 2:1 simulating hydrazine; rows checked V*I=P, P/mdot and T/(mdot g0)=Isp to within 2-3%"
morren_curran_1991,100 h,113,17.7,2.00,5.03,39.8,273,554,0.365,696,1299,PDF p16 Table II,"R70: read from the rendered page image of the hosted PDF 2026-09-26 (scan or table without a usable text layer); each value checked against its row label; H2:N2 2:1 simulating hydrazine; rows checked V*I=P, P/mdot and T/(mdot g0)=Isp to within 2-3%"
morren_curran_1991,200 h (pre-inspection),109,9.2,1.01,2.99,33.6,142,485,0.330,388,1112,PDF p17 Table II (contd),"R70: read from the rendered page image of the hosted PDF 2026-09-26 (scan or table without a usable text layer); each value checked against its row label; H2:N2 2:1 simulating hydrazine; rows checked V*I=P, P/mdot and T/(mdot g0)=Isp to within 2-3%"
morren_curran_1991,200 h (pre-inspection),102,12.3,1.25,2.99,41.8,155,529,0.317,425,1260,PDF p17 Table II (contd),"R70: read from the rendered page image of the hosted PDF 2026-09-26 (scan or table without a usable text layer); each value checked against its row label; H2:N2 2:1 simulating hydrazine; rows checked V*I=P, P/mdot and T/(mdot g0)=Isp to within 2-3%"
morren_curran_1991,200 h (pre-inspection),98,15.3,1.50,2.99,50.3,166,566,0.302,456,1389,PDF p17 Table II (contd),"R70: read from the rendered page image of the hosted PDF 2026-09-26 (scan or table without a usable text layer); each value checked against its row label; H2:N2 2:1 simulating hydrazine; rows checked V*I=P, P/mdot and T/(mdot g0)=Isp to within 2-3%"
morren_curran_1991,200 h (pre-inspection),127,7.9,1.00,4.00,25.0,173,440,0.363,451,953,PDF p17 Table II (contd),"R70: read from the rendered page image of the hosted PDF 2026-09-26 (scan or table without a usable text layer); each value checked against its row label; H2:N2 2:1 simulating hydrazine; rows checked V*I=P, P/mdot and T/(mdot g0)=Isp to within 2-3%"
morren_curran_1991,200 h (pre-inspection),116,10.8,1.25,4.00,31.3,191,487,0.357,490,1101,PDF p17 Table II (contd),"R70: read from the rendered page image of the hosted PDF 2026-09-26 (scan or table without a usable text layer); each value checked against its row label; H2:N2 2:1 simulating hydrazine; rows checked V*I=P, P/mdot and T/(mdot g0)=Isp to within 2-3%"
morren_curran_1991,200 h (pre-inspection),111,13.5,1.50,4.00,37.5,207,527,0.350,528,1220,PDF p17 Table II (contd),"R70: read from the rendered page image of the hosted PDF 2026-09-26 (scan or table without a usable text layer); each value checked against its row label; H2:N2 2:1 simulating hydrazine; rows checked V*I=P, P/mdot and T/(mdot g0)=Isp to within 2-3%"
morren_curran_1991,200 h (pre-inspection),108,16.2,1.75,4.00,43.8,218,557,0.336,566,1328,PDF p17 Table II (contd),"R70: read from the rendered page image of the hosted PDF 2026-09-26 (scan or table without a usable text layer); each value checked against its row label; H2:N2 2:1 simulating hydrazine; rows checked V*I=P, P/mdot and T/(mdot g0)=Isp to within 2-3%"
morren_curran_1991,200 h (pre-inspection),123,12.2,1.50,5.00,30.0,239,488,0.373,617,1110,PDF p17 Table II (contd),"R70: read from the rendered page image of the hosted PDF 2026-09-26 (scan or table without a usable text layer); each value checked against its row label; H2:N2 2:1 simulating hydrazine; rows checked V*I=P, P/mdot and T/(mdot g0)=Isp to within 2-3%"
morren_curran_1991,200 h (pre-inspection),119,14.8,1.76,5.02,35.0,256,520,0.365,642,1204,PDF p17 Table II (contd),"R70: read from the rendered page image of the hosted PDF 2026-09-26 (scan or table without a usable text layer); each value checked against its row label; H2:N2 2:1 simulating hydrazine; rows checked V*I=P, P/mdot and T/(mdot g0)=Isp to within 2-3%"
morren_curran_1991,200 h (pre-inspection),117,17.1,2.00,5.01,39.9,271,550,0.359,672,1305,PDF p17 Table II (contd),"R70: read from the rendered page image of the hosted PDF 2026-09-26 (scan or table without a usable text layer); each value checked against its row label; H2:N2 2:1 simulating hydrazine; rows checked V*I=P, P/mdot and T/(mdot g0)=Isp to within 2-3%"
morren_curran_1991,200 h (post-inspection),99,10.1,1.00,3.00,33.4,143,486,0.333,330,1071,PDF p17 Table II (contd),"R70: read from the rendered page image of the hosted PDF 2026-09-26 (scan or table without a usable text layer); each value checked against its row label; H2:N2 2:1 simulating hydrazine; rows checked V*I=P, P/mdot and T/(mdot g0)=Isp to within 2-3%"
morren_curran_1991,200 h (post-inspection),92,13.6,1.25,3.00,41.7,156,531,0.320,356,1204,PDF p17 Table II (contd),"R70: read from the rendered page image of the hosted PDF 2026-09-26 (scan or table without a usable text layer); each value checked against its row label; H2:N2 2:1 simulating hydrazine; rows checked V*I=P, P/mdot and T/(mdot g0)=Isp to within 2-3%"
morren_curran_1991,200 h (post-inspection),89,16.8,1.50,3.00,49.9,167,566,0.305,379,1319,PDF p17 Table II (contd),"R70: read from the rendered page image of the hosted PDF 2026-09-26 (scan or table without a usable text layer); each value checked against its row label; H2:N2 2:1 simulating hydrazine; rows checked V*I=P, P/mdot and T/(mdot g0)=Isp to within 2-3%"
morren_curran_1991,200 h (post-inspection),119,8.4,1.00,4.00,25.0,173,441,0.366,393,928,PDF p17 Table II (contd),"R70: read from the rendered page image of the hosted PDF 2026-09-26 (scan or table without a usable text layer); each value checked against its row label; H2:N2 2:1 simulating hydrazine; rows checked V*I=P, P/mdot and T/(mdot g0)=Isp to within 2-3%"
morren_curran_1991,200 h (post-inspection),108,11.6,1.26,4.01,31.4,193,490,0.360,424,1062,PDF p17 Table II (contd),"R70: read from the rendered page image of the hosted PDF 2026-09-26 (scan or table without a usable text layer); each value checked against its row label; H2:N2 2:1 simulating hydrazine; rows checked V*I=P, P/mdot and T/(mdot g0)=Isp to within 2-3%"
morren_curran_1991,200 h (post-inspection),102,14.7,1.50,4.01,37.5,209,532,0.357,451,1178,PDF p17 Table II (contd),"R70: read from the rendered page image of the hosted PDF 2026-09-26 (scan or table without a usable text layer); each value checked against its row label; H2:N2 2:1 simulating hydrazine; rows checked V*I=P, P/mdot and T/(mdot g0)=Isp to within 2-3%"
morren_curran_1991,200 h (post-inspection),101,17.4,1.75,4.01,43.6,220,559,0.339,471,1274,PDF p17 Table II (contd),"R70: read from the rendered page image of the hosted PDF 2026-09-26 (scan or table without a usable text layer); each value checked against its row label; H2:N2 2:1 simulating hydrazine; rows checked V*I=P, P/mdot and T/(mdot g0)=Isp to within 2-3%"
morren_curran_1991,200 h (post-inspection),122,10.2,1.25,5.02,24.9,221,448,0.379,484,909,PDF p17 Table II (contd),"R70: read from the rendered page image of the hosted PDF 2026-09-26 (scan or table without a usable text layer); each value checked against its row label; H2:N2 2:1 simulating hydrazine; rows checked V*I=P, P/mdot and T/(mdot g0)=Isp to within 2-3%"
morren_curran_1991,200 h (post-inspection),113,13.2,1.50,5.02,29.8,241,489,0.378,514,1033,PDF p17 Table II (contd),"R70: read from the rendered page image of the hosted PDF 2026-09-26 (scan or table without a usable text layer); each value checked against its row label; H2:N2 2:1 simulating hydrazine; rows checked V*I=P, P/mdot and T/(mdot g0)=Isp to within 2-3%"
morren_curran_1991,200 h (post-inspection),112,15.7,1.76,5.02,34.9,257,522,0.369,542,1153,PDF p17 Table II (contd),"R70: read from the rendered page image of the hosted PDF 2026-09-26 (scan or table without a usable text layer); each value checked against its row label; H2:N2 2:1 simulating hydrazine; rows checked V*I=P, P/mdot and T/(mdot g0)=Isp to within 2-3%"
morren_curran_1991,200 h (post-inspection),110,18.3,2.01,5.03,39.9,273,553,0.363,567,1239,PDF p17 Table II (contd),"R70: read from the rendered page image of the hosted PDF 2026-09-26 (scan or table without a usable text layer); each value checked against its row label; H2:N2 2:1 simulating hydrazine; rows checked V*I=P, P/mdot and T/(mdot g0)=Isp to within 2-3%"
morren_curran_1991,200 h (post-inspection),108,18.5,2.00,5.02,39.8,274,556,0.367,566,1230,PDF p17 Table II (contd),"R70: read from the rendered page image of the hosted PDF 2026-09-26 (scan or table without a usable text layer); each value checked against its row label; H2:N2 2:1 simulating hydrazine; rows checked V*I=P, P/mdot and T/(mdot g0)=Isp to within 2-3%"
