source_id,object,visible_slope_pct_per_1000A,band_I_center_um,BAR,BAR_temperature_corrected,Fa_mol_pct,Fs_mol_pct,ol_over_ol_plus_opx,location_in_source,notes
ieva2014,(7088) Ishtar,12.24 +/- 0.03,0.952 +/- 0.003,,,,,,PDF p10 Table 3,slope computed over 0.5-0.75 um; Fa/Fs/ol from the Dunn et al. (2010) OC calibrations; (138883) and (145656) have no values. R71 (PDF restored from git 5dd58d5)
ieva2014,(13353) Masaakikoyama,4.27 +/- 0.17,,,,,,,PDF p10 Table 3,slope computed over 0.5-0.75 um; Fa/Fs/ol from the Dunn et al. (2010) OC calibrations; (138883) and (145656) have no values. R71 (PDF restored from git 5dd58d5)
ieva2014,(20826) 2000 UV13,10.37 +/- 0.31,,,,,,,PDF p10 Table 3,slope computed over 0.5-0.75 um; Fa/Fs/ol from the Dunn et al. (2010) OC calibrations; (138883) and (145656) have no values. R71 (PDF restored from git 5dd58d5)
ieva2014,(25916) 2001 CP44,10.00 +/- 0.23,1.003 +/- 0.009,0.72 +/- 0.05,0.62 +/- 0.05,29.5 +/- 1.3,24.3 +/- 1.4,0.58 +/- 0.03,PDF p10 Table 3,slope computed over 0.5-0.75 um; Fa/Fs/ol from the Dunn et al. (2010) OC calibrations; (138883) and (145656) have no values. R71 (PDF restored from git 5dd58d5)
ieva2014,(68359) 2001 OZ13,16.13 +/- 0.35,0.992 +/- 0.005,,,,,,PDF p10 Table 3,slope computed over 0.5-0.75 um; Fa/Fs/ol from the Dunn et al. (2010) OC calibrations; (138883) and (145656) have no values. R71 (PDF restored from git 5dd58d5)
ieva2014,(85804) 1998 WQ5,,0.924 +/- 0.005,1.35 +/- 0.05,1.27 +/- 0.05,15.3 +/- 1.3,13.9 +/- 1.4,0.42 +/- 0.03,PDF p10 Table 3,slope computed over 0.5-0.75 um; Fa/Fs/ol from the Dunn et al. (2010) OC calibrations; (138883) and (145656) have no values. R71 (PDF restored from git 5dd58d5)
ieva2014,(142464) 2002 TC9,,0.925 +/- 0.004,,,,,,PDF p10 Table 3,slope computed over 0.5-0.75 um; Fa/Fs/ol from the Dunn et al. (2010) OC calibrations; (138883) and (145656) have no values. R71 (PDF restored from git 5dd58d5)
ieva2014,(164222) 2004 RN9,,0.959 +/- 0.005,0.52 +/- 0.05,0.48 +/- 0.05,23.6 +/- 1.3,19.9 +/- 1.4,0.61 +/- 0.03,PDF p10 Table 3,slope computed over 0.5-0.75 um; Fa/Fs/ol from the Dunn et al. (2010) OC calibrations; (138883) and (145656) have no values. R71 (PDF restored from git 5dd58d5)
ieva2014,(203471) 2002 AU4,0.07 +/- 0.16,,,,,,,PDF p10 Table 3,slope computed over 0.5-0.75 um; Fa/Fs/ol from the Dunn et al. (2010) OC calibrations; (138883) and (145656) have no values. R71 (PDF restored from git 5dd58d5)
ieva2014,(277127) 2005 GW119,13.23 +/- 0.97,0.937 +/- 0.003,,,,,,PDF p10 Table 3,slope computed over 0.5-0.75 um; Fa/Fs/ol from the Dunn et al. (2010) OC calibrations; (138883) and (145656) have no values. R71 (PDF restored from git 5dd58d5)
ieva2014,2004 TD10,,0.966 +/- 0.010,0.79 +/- 0.05,0.76 +/- 0.05,24.9 +/- 1.3,20.8 +/- 1.4,0.54 +/- 0.03,PDF p10 Table 3,slope computed over 0.5-0.75 um; Fa/Fs/ol from the Dunn et al. (2010) OC calibrations; (138883) and (145656) have no values. R71 (PDF restored from git 5dd58d5)
