source_id,table,mission,destination,payload_mass,unit,remarks,location_in_source,notes
woodcock_byers_2003,Table 2 top-level requirements for selected missions,NGST,Earth-Sun L2,1400,kg,From ISP Requirements Matrix,PDF p2 Table 2,read from the rendered page image of the hosted PDF (the text layer is garbled OCR); R72
woodcock_byers_2003,Table 2 top-level requirements for selected missions,Space Interferometry Mission,Earth Trailing Solar Orbit (ETSO),3900,kg,From ISP Requirements Matrix,PDF p2 Table 2,read from the rendered page image of the hosted PDF (the text layer is garbled OCR); R72
woodcock_byers_2003,Table 2 top-level requirements for selected missions,Terrestrial Planet Finder,Earth-Sun L2,4800,kg,From ISP Requirements Matrix,PDF p2 Table 2,read from the rendered page image of the hosted PDF (the text layer is garbled OCR); R72
woodcock_byers_2003,Table 2 top-level requirements for selected missions,Medium GEO Comsat,GEO,1900,kg,L/V capability less apogee motor,PDF p2 Table 2,read from the rendered page image of the hosted PDF (the text layer is garbled OCR); R72
woodcock_byers_2003,Table 2 top-level requirements for selected missions,Large GEO Comsat,GEO,3000,kg,L/V capability less apogee motor,PDF p2 Table 2,read from the rendered page image of the hosted PDF (the text layer is garbled OCR); R72
woodcock_byers_2003,Table 2 top-level requirements for selected missions,C3 Topper,Outer Planets,300 - 1500,kg,Generic capability,PDF p2 Table 2,read from the rendered page image of the hosted PDF (the text layer is garbled OCR); R72
woodcock_byers_2003,Table 2 top-level requirements for selected missions,HEDS L1 Gateway,Earth-Moon L1,"24,000",kg,JSC HEDS DRM briefing,PDF p2 Table 2,read from the rendered page image of the hosted PDF (the text layer is garbled OCR); R72
woodcock_byers_2003,Table 2 top-level requirements for selected missions,RLV Upper Stage (Non-Hydrogen),GEO or C3=0,5000 or more (NEP),kg,Rationale is safety,PDF p2 Table 2,read from the rendered page image of the hosted PDF (the text layer is garbled OCR); R72
woodcock_byers_2003,text,experimental NEP stage transferred from LEO to C3=0 by an STP stage,C3=0,5800,kg,estimated payload mass,PDF p2,read from the rendered page image of the hosted PDF (the text layer is garbled OCR); R72
