source_id,table,boundary,oxygen_inlet_temp_F,co_inlet_temp_F,mixture_ratio_O_F,location_in_source,notes
linne_1996_co_ox_ignition,Table I ignition boundaries,lower boundary,-253,-219,2.423,PDF p8 Table I,"full ignition always occurred above this O/F; read by word coordinates from the hosted PDF (scanned TM), layout checked on the rendered page; R72"
linne_1996_co_ox_ignition,Table I ignition boundaries,lower boundary,-251,-138,2.038,PDF p8 Table I,"full ignition always occurred above this O/F; read by word coordinates from the hosted PDF (scanned TM), layout checked on the rendered page; R72"
linne_1996_co_ox_ignition,Table I ignition boundaries,lower boundary,-253,-51,1.363,PDF p8 Table I,"full ignition always occurred above this O/F; read by word coordinates from the hosted PDF (scanned TM), layout checked on the rendered page; R72"
linne_1996_co_ox_ignition,Table I ignition boundaries,lower boundary,-258,-8,2.084,PDF p8 Table I,"full ignition always occurred above this O/F; read by word coordinates from the hosted PDF (scanned TM), layout checked on the rendered page; R72"
linne_1996_co_ox_ignition,Table I ignition boundaries,lower boundary,-247,44,1.291,PDF p8 Table I,"full ignition always occurred above this O/F; read by word coordinates from the hosted PDF (scanned TM), layout checked on the rendered page; R72"
linne_1996_co_ox_ignition,Table I ignition boundaries,lower boundary,-173,63,1.289,PDF p8 Table I,"full ignition always occurred above this O/F; read by word coordinates from the hosted PDF (scanned TM), layout checked on the rendered page; R72"
linne_1996_co_ox_ignition,Table I ignition boundaries,lower boundary,-50,37,0.75,PDF p8 Table I,"full ignition always occurred above this O/F; read by word coordinates from the hosted PDF (scanned TM), layout checked on the rendered page; R72"
linne_1996_co_ox_ignition,Table I ignition boundaries,lower boundary,-24,-207,0.729,PDF p8 Table I,"full ignition always occurred above this O/F; read by word coordinates from the hosted PDF (scanned TM), layout checked on the rendered page; R72"
linne_1996_co_ox_ignition,Table I ignition boundaries,lower boundary,-9,-241,0.672,PDF p8 Table I,"full ignition always occurred above this O/F; read by word coordinates from the hosted PDF (scanned TM), layout checked on the rendered page; R72"
linne_1996_co_ox_ignition,Table I ignition boundaries,lower boundary,-1,-52,0.639,PDF p8 Table I,"full ignition always occurred above this O/F; read by word coordinates from the hosted PDF (scanned TM), layout checked on the rendered page; R72"
linne_1996_co_ox_ignition,Table I ignition boundaries,lower boundary,41,-55,0.518,PDF p8 Table I,"full ignition always occurred above this O/F; read by word coordinates from the hosted PDF (scanned TM), layout checked on the rendered page; R72"
linne_1996_co_ox_ignition,Table I ignition boundaries,lower boundary,75,74,0.5,PDF p8 Table I,"full ignition always occurred above this O/F; read by word coordinates from the hosted PDF (scanned TM), layout checked on the rendered page; R72"
linne_1996_co_ox_ignition,Table I ignition boundaries,upper boundary,-253,-219,3.104,PDF p8 Table I,"full ignition always occurred below this O/F; read by word coordinates from the hosted PDF (scanned TM), layout checked on the rendered page; R72"
linne_1996_co_ox_ignition,Table I ignition boundaries,upper boundary,-260,2.8,2.774,PDF p8 Table I,"CO inlet temperature printed as ""2.8"" (sic); full ignition always occurred below this O/F; read by word coordinates from the hosted PDF (scanned TM), layout checked on the rendered page; R72"
linne_1996_co_ox_ignition,Table I ignition boundaries,upper boundary,-257,61,2.347,PDF p8 Table I,"full ignition always occurred below this O/F; read by word coordinates from the hosted PDF (scanned TM), layout checked on the rendered page; R72"
linne_1996_co_ox_ignition,Table I ignition boundaries,upper boundary,-93,-163,2.579,PDF p8 Table I,"full ignition always occurred below this O/F; read by word coordinates from the hosted PDF (scanned TM), layout checked on the rendered page; R72"
linne_1996_co_ox_ignition,Table I ignition boundaries,upper boundary,-51,-162,2.792,PDF p8 Table I,"full ignition always occurred below this O/F; read by word coordinates from the hosted PDF (scanned TM), layout checked on the rendered page; R72"
linne_1996_co_ox_ignition,Table I ignition boundaries,upper boundary,-173,63,1.985,PDF p8 Table I,"full ignition always occurred below this O/F; read by word coordinates from the hosted PDF (scanned TM), layout checked on the rendered page; R72"
linne_1996_co_ox_ignition,Table I ignition boundaries,upper boundary,-50,37,1.948,PDF p8 Table I,"full ignition always occurred below this O/F; read by word coordinates from the hosted PDF (scanned TM), layout checked on the rendered page; R72"
linne_1996_co_ox_ignition,Table I ignition boundaries,upper boundary,51,-214,1.7,PDF p8 Table I,"full ignition always occurred below this O/F; read by word coordinates from the hosted PDF (scanned TM), layout checked on the rendered page; R72"
linne_1996_co_ox_ignition,Table I ignition boundaries,upper boundary,75,74,1.444,PDF p8 Table I,"full ignition always occurred below this O/F; read by word coordinates from the hosted PDF (scanned TM), layout checked on the rendered page; R72"
linne_1996_co_ox_ignition,response-surface model,lower boundary,,,ln(O/F_lower) = -0.414029 - 0.0036789*Tox + 0.00062535*Tco + 0.0000683*Tox*Tco (temperatures in deg F),PDF p7,"PRINTED MODEL DOES NOT REPRODUCE TABLE I: with 0.0000683 it gives O/F 64 at Tox -253 F / Tco -219 F (measured 2.423); with 0.00000683 it gives 2.13; a least-squares refit of the 12 Table I points gives 6.6e-6 for the Tox*Tco term (computed here). The printed coefficient is probably missing a zero; kept as printed; read by word coordinates from the hosted PDF (scanned TM), layout checked on the rendered page; R72"
linne_1996_co_ox_ignition,response-surface model,upper boundary,,,O/F_upper = 2.049205 - 0.00285583*Tox - 0.00459746*Tco - 0.00002379*Tco^2 + 0.00000854*Tox*Tco (deg F),PDF p8,"reproduces Table I within ~0.1 except Tox -51 / Tco -162 (model 2.39 vs 2.792); upper boundary depends on both temperatures, lower mainly on O2 temperature (text); read by word coordinates from the hosted PDF (scanned TM), layout checked on the rendered page; R72"
