source_id,table,item,mass_kg,volume_m3_or_count,notes
lynch_et_al_2023_logistics_rates_beyond_leo,Table 16,Crew Members / Duration,,2 #; 14 days,
lynch_et_al_2023_logistics_rates_beyond_leo,Table 16,Habitat Volume / Pressure / O2 by volume / EVAs / Airlock Volume,,20 m3; 8.2 psi; 34 %; 4 #; 10 m3,
lynch_et_al_2023_logistics_rates_beyond_leo,Table 17,"Food (IVA) / Food, EVA Days",47.8 / 23.5 kg,0.12 / 0.06 m3,
lynch_et_al_2023_logistics_rates_beyond_leo,Table 17,Wipes and Gloves / Hygiene Kits,5.6 / 4.8 kg,0.03 / 0.03 m3,
lynch_et_al_2023_logistics_rates_beyond_leo,Table 17,Recreation & Personal Stowage / Operational Supplies / Health Care Consumables,10.0 / 5.0 / 2.5 kg,0.04 / 0.02 / 0.01 m3,
lynch_et_al_2023_logistics_rates_beyond_leo,Table 17,Clothing / Towels / Wastes and Hygiene / CTBs (count),11.4 / 2.7 / 8.4 kg; 10 #,0.07 / 0.01 / 0.05 m3,
lynch_et_al_2023_logistics_rates_beyond_leo,Table 17,"TOTAL, Solid Goods",130.0 kg,0.53 m3,
lynch_et_al_2023_logistics_rates_beyond_leo,Table 18,Water: drink / food hydration / hygiene / flush / sampling (total 113.7),,,
lynch_et_al_2023_logistics_rates_beyond_leo,Table 18,Water carriers (6 CWCs + 2 M02 bags); TOTAL water+carriers,137.4 kg,,
lynch_et_al_2023_logistics_rates_beyond_leo,Table 19,Oxygen: metabolic / leakage / airlock represses (total 35.3),,,
lynch_et_al_2023_logistics_rates_beyond_leo,Table 19,Oxygen carriers (1 HPGC + 1 M01 bag); TOTAL oxygen+carriers,93.8 kg,,
lynch_et_al_2023_logistics_rates_beyond_leo,Table 20,Nitrogen: leakage / represses (total 17.1); carriers (1 HPGC + 1 M01 bag),,,
lynch_et_al_2023_logistics_rates_beyond_leo,Table 20,TOTAL nitrogen+carriers,75.6 kg,,
lynch_et_al_2023_logistics_rates_beyond_leo,Table 21,Solid Goods / Water+carriers / Gas+carriers,130.0 / 137.4 / 169.4 kg,,
lynch_et_al_2023_logistics_rates_beyond_leo,Table 21,"TOTAL delivered mass (excl. EVA consumables & spares, vehicle spares/maintenance items, utilization mass, pressurized carriers for solid goods)",436.7 kg,,
