source_id,mission,launch,arrival,end,lifecycle_cost_fy2016_usd_mn,location_in_source,notes
nasa_oig_2017_ig-17-009_mars2020_project,Mariner 3 and Mariner 4,11/28/1964,07/14/1965,12/20/1967,1060,PDF p32-33 Appendix Table 5,"R70 full-extraction pass, read from the hosted PDF 2026-09-27; FY2016 dollars; read by word coordinates; the 16 rows sum exactly to the printed total $24,370M (checked here)"
nasa_oig_2017_ig-17-009_mars2020_project,Mariner 6 and Mariner 7,2/24/1969; 3/27/1969,7/30/1969; 8/4/1969,7/31/1969; 8/5/1969,1281,PDF p32-33 Appendix Table 5,"R70 full-extraction pass, read from the hosted PDF 2026-09-27; FY2016 dollars; read by word coordinates; the 16 rows sum exactly to the printed total $24,370M (checked here)"
nasa_oig_2017_ig-17-009_mars2020_project,Mariner 8 and Mariner 9,5/30/1971,11/13/1971,10/27/1972,1154,PDF p32-33 Appendix Table 5,"R70 full-extraction pass, read from the hosted PDF 2026-09-27; FY2016 dollars; read by word coordinates; the 16 rows sum exactly to the printed total $24,370M (checked here)"
nasa_oig_2017_ig-17-009_mars2020_project,Viking 1 and Viking 2 (orbiters + landers),8/20/1975; 9/9/1975,6/19/1976; 8/7/1976,11/11/1982; 4/11/1980,6741,PDF p32-33 Appendix Table 5,"R70 full-extraction pass, read from the hosted PDF 2026-09-27; FY2016 dollars; read by word coordinates; the 16 rows sum exactly to the printed total $24,370M (checked here)"
nasa_oig_2017_ig-17-009_mars2020_project,Mars Observer,9/25/1992,n/a (contact lost),8/22/1993,1755,PDF p32-33 Appendix Table 5,"R70 full-extraction pass, read from the hosted PDF 2026-09-27; FY2016 dollars; read by word coordinates; the 16 rows sum exactly to the printed total $24,370M (checked here)"
nasa_oig_2017_ig-17-009_mars2020_project,Mars Global Surveyor,11/7/1996,9/12/1997,11/2/2006,568,PDF p32-33 Appendix Table 5,"R70 full-extraction pass, read from the hosted PDF 2026-09-27; FY2016 dollars; read by word coordinates; the 16 rows sum exactly to the printed total $24,370M (checked here)"
nasa_oig_2017_ig-17-009_mars2020_project,Mars Pathfinder,12/4/1996,7/4/1997,9/27/1997,456,PDF p32-33 Appendix Table 5,"R70 full-extraction pass, read from the hosted PDF 2026-09-27; FY2016 dollars; read by word coordinates; the 16 rows sum exactly to the printed total $24,370M (checked here)"
nasa_oig_2017_ig-17-009_mars2020_project,1999 missions (Mars Climate Orbiter + Mars Polar Lander/Deep Space 2),12/11/1998; 1/3/1999,9/23/1999; 12/3/1999,9/23/1999; 12/3/1999,486,PDF p32-33 Appendix Table 5,"R70 full-extraction pass, read from the hosted PDF 2026-09-27; FY2016 dollars; read by word coordinates; the 16 rows sum exactly to the printed total $24,370M (checked here)"
nasa_oig_2017_ig-17-009_mars2020_project,Phoenix Mars Lander,8/4/2007,5/25/2008,11/2/2008,512,PDF p32-33 Appendix Table 5,"R70 full-extraction pass, read from the hosted PDF 2026-09-27; FY2016 dollars; read by word coordinates; the 16 rows sum exactly to the printed total $24,370M (checked here)"
nasa_oig_2017_ig-17-009_mars2020_project,Mars Exploration Rovers (Spirit + Opportunity),6/10/2003; 7/7/2003,1/3/2004; 1/24/2004,3/22/2010; ongoing,1464,PDF p32-33 Appendix Table 5,"R70 full-extraction pass, read from the hosted PDF 2026-09-27; FY2016 dollars; read by word coordinates; the 16 rows sum exactly to the printed total $24,370M (checked here)"
nasa_oig_2017_ig-17-009_mars2020_project,Mars Odyssey,4/7/2001,10/24/2001,ongoing,925,PDF p32-33 Appendix Table 5,"R70 full-extraction pass, read from the hosted PDF 2026-09-27; FY2016 dollars; read by word coordinates; the 16 rows sum exactly to the printed total $24,370M (checked here)"
nasa_oig_2017_ig-17-009_mars2020_project,Mars Reconnaissance Orbiter,8/12/2005,3/10/2006,ongoing,1163,PDF p32-33 Appendix Table 5,"R70 full-extraction pass, read from the hosted PDF 2026-09-27; FY2016 dollars; read by word coordinates; the 16 rows sum exactly to the printed total $24,370M (checked here)"
nasa_oig_2017_ig-17-009_mars2020_project,Mars Science Laboratory (Curiosity),11/26/2011,8/5/2012,ongoing,3086,PDF p32-33 Appendix Table 5,"R70 full-extraction pass, read from the hosted PDF 2026-09-27; FY2016 dollars; read by word coordinates; the 16 rows sum exactly to the printed total $24,370M (checked here)"
nasa_oig_2017_ig-17-009_mars2020_project,MAVEN,11/18/2013,9/21/2014,ongoing,600,PDF p32-33 Appendix Table 5,"R70 full-extraction pass, read from the hosted PDF 2026-09-27; FY2016 dollars; read by word coordinates; the 16 rows sum exactly to the printed total $24,370M (checked here)"
nasa_oig_2017_ig-17-009_mars2020_project,InSight,5/2018,11/26/2018,future,675,PDF p32-33 Appendix Table 5,"R70 full-extraction pass, read from the hosted PDF 2026-09-27; FY2016 dollars; read by word coordinates; the 16 rows sum exactly to the printed total $24,370M (checked here)"
nasa_oig_2017_ig-17-009_mars2020_project,Mars 2020,7/2020,2/2021,future,2444,PDF p32-33 Appendix Table 5,"R70 full-extraction pass, read from the hosted PDF 2026-09-27; FY2016 dollars; read by word coordinates; the 16 rows sum exactly to the printed total $24,370M (checked here)"
