source_id,line,mission_concept_review_2013_usd_mn,kdp_a_nov2013_usd_mn,kdp_c_2016_abc_usd_mn,location_in_source,notes
nasa_oig_2017_ig-17-009_mars2020_project,JPL obligations and bypass obligations,1053,1053,1183,PDF p14 (printed p8) Table 3,"R70 full-extraction pass, read from the hosted PDF 2026-09-27; real-year dollars; read by word coordinates; KDP-C lines sum to 2,441 vs printed 2,442 and MCR lines to 1,812 vs 1,811 (rounding, as the table source note says)"
nasa_oig_2017_ig-17-009_mars2020_project,Multi-Mission Radioisotope Thermoelectric Generator,66,66,70,PDF p14 (printed p8) Table 3,"R70 full-extraction pass, read from the hosted PDF 2026-09-27; real-year dollars; read by word coordinates; KDP-C lines sum to 2,441 vs printed 2,442 and MCR lines to 1,812 vs 1,811 (rounding, as the table source note says)"
nasa_oig_2017_ig-17-009_mars2020_project,Launch vehicle and Unallocated future expenses - Project,671,671,576,PDF p14 (printed p8) Table 3,"R70 full-extraction pass, read from the hosted PDF 2026-09-27; real-year dollars; read by word coordinates; KDP-C lines sum to 2,441 vs printed 2,442 and MCR lines to 1,812 vs 1,811 (rounding, as the table source note says)"
nasa_oig_2017_ig-17-009_mars2020_project,Other NASA costs (Caltech fee),22,22,19,PDF p14 (printed p8) Table 3,"R70 full-extraction pass, read from the hosted PDF 2026-09-27; real-year dollars; read by word coordinates; KDP-C lines sum to 2,441 vs printed 2,442 and MCR lines to 1,812 vs 1,811 (rounding, as the table source note says)"
nasa_oig_2017_ig-17-009_mars2020_project,Phase E costs and Unallocated future expenses - Headquarters,,329-543,456,PDF p14 (printed p8) Table 3,"R70 full-extraction pass, read from the hosted PDF 2026-09-27; real-year dollars; read by word coordinates; KDP-C lines sum to 2,441 vs printed 2,442 and MCR lines to 1,812 vs 1,811 (rounding, as the table source note says)"
nasa_oig_2017_ig-17-009_mars2020_project,Pre-phase A costs,,,23,PDF p14 (printed p8) Table 3,"R70 full-extraction pass, read from the hosted PDF 2026-09-27; real-year dollars; read by word coordinates; KDP-C lines sum to 2,441 vs printed 2,442 and MCR lines to 1,812 vs 1,811 (rounding, as the table source note says)"
nasa_oig_2017_ig-17-009_mars2020_project,HEOMD/STMD payload accommodations costs,,,21,PDF p14 (printed p8) Table 3,"R70 full-extraction pass, read from the hosted PDF 2026-09-27; real-year dollars; read by word coordinates; KDP-C lines sum to 2,441 vs printed 2,442 and MCR lines to 1,812 vs 1,811 (rounding, as the table source note says)"
nasa_oig_2017_ig-17-009_mars2020_project,"HEOMD/STMD payloads (MEDA, MEDLI2, MOXIE, TRN)",,,93,PDF p14 (printed p8) Table 3,"R70 full-extraction pass, read from the hosted PDF 2026-09-27; real-year dollars; read by word coordinates; KDP-C lines sum to 2,441 vs printed 2,442 and MCR lines to 1,812 vs 1,811 (rounding, as the table source note says)"
nasa_oig_2017_ig-17-009_mars2020_project,Total,1811,2140-2354,2442,PDF p14 (printed p8) Table 3,"R70 full-extraction pass, read from the hosted PDF 2026-09-27; real-year dollars; read by word coordinates; KDP-C lines sum to 2,441 vs printed 2,442 and MCR lines to 1,812 vs 1,811 (rounding, as the table source note says)"
