source_id,project,element,base_year_dev_cost_usd_mn,current_dev_cost_usd_mn,change_usd_mn,location_in_source,notes
nasa_fy2025_budget_request_congressional_justification,Orion (Crew Vehicle Development),TOTAL,6768.4,9622.4,+2854,PDF p43 Development Cost Details,"R70 full-extraction pass, read from the hosted PDF 2026-09-27; parsed by word coordinates"
nasa_fy2025_budget_request_congressional_justification,Orion (Crew Vehicle Development),Mission Operations,281.6,467.3,+185.7,PDF p43 Development Cost Details,"R70 full-extraction pass, read from the hosted PDF 2026-09-27; parsed by word coordinates"
nasa_fy2025_budget_request_congressional_justification,Orion (Crew Vehicle Development),Program Management,671.5,1102.9,+431.4,PDF p43 Development Cost Details,"R70 full-extraction pass, read from the hosted PDF 2026-09-27; parsed by word coordinates"
nasa_fy2025_budget_request_congressional_justification,Orion (Crew Vehicle Development),Safety and Mission Assurance,191.4,226.4,+35,PDF p43 Development Cost Details,"R70 full-extraction pass, read from the hosted PDF 2026-09-27; parsed by word coordinates"
nasa_fy2025_budget_request_congressional_justification,Orion (Crew Vehicle Development),Spacecraft and Payload,3205.1,6311.4,+3106.3,PDF p43 Development Cost Details,"R70 full-extraction pass, read from the hosted PDF 2026-09-27; parsed by word coordinates"
nasa_fy2025_budget_request_congressional_justification,Orion (Crew Vehicle Development),Systems Engineering and Integration,539.3,798.3,+259,PDF p43 Development Cost Details,"R70 full-extraction pass, read from the hosted PDF 2026-09-27; parsed by word coordinates"
nasa_fy2025_budget_request_congressional_justification,Orion (Crew Vehicle Development),Test and Verification,460.6,641.2,+180.6,PDF p43 Development Cost Details,"R70 full-extraction pass, read from the hosted PDF 2026-09-27; parsed by word coordinates"
nasa_fy2025_budget_request_congressional_justification,Orion (Crew Vehicle Development),Other Direct Project Costs,1418.9,74.9,-1344,PDF p43 Development Cost Details,"R70 full-extraction pass, read from the hosted PDF 2026-09-27; parsed by word coordinates"
nasa_fy2025_budget_request_congressional_justification,SLS Block 1B Capability Upgrade,TOTAL,3675.0,3675.0,0,PDF p52 Development Cost Details,"R70 full-extraction pass, read from the hosted PDF 2026-09-27; parsed by word coordinates; elements sum to 3657.0 against the printed TOTAL 3675.0 (column current)"
nasa_fy2025_budget_request_congressional_justification,SLS Block 1B Capability Upgrade,EUS,1913.0,1913.0,0,PDF p52 Development Cost Details,"R70 full-extraction pass, read from the hosted PDF 2026-09-27; parsed by word coordinates"
nasa_fy2025_budget_request_congressional_justification,SLS Block 1B Capability Upgrade,Spacecraft Payload Integration and Evolution (SPIE)/ USA,293.0,293.0,0,PDF p52 Development Cost Details,"R70 full-extraction pass, read from the hosted PDF 2026-09-27; parsed by word coordinates"
nasa_fy2025_budget_request_congressional_justification,SLS Block 1B Capability Upgrade,System Engineering & Integration,505.0,505.0,0,PDF p52 Development Cost Details,"R70 full-extraction pass, read from the hosted PDF 2026-09-27; parsed by word coordinates"
nasa_fy2025_budget_request_congressional_justification,SLS Block 1B Capability Upgrade,Other direct project cost,109.0,109.0,0,PDF p52 Development Cost Details,"R70 full-extraction pass, read from the hosted PDF 2026-09-27; parsed by word coordinates"
nasa_fy2025_budget_request_congressional_justification,SLS Block 1B Capability Upgrade,Program-managed Unallocated Future Expenses (UFE),837.0,837.0,0,PDF p52 Development Cost Details,"R70 full-extraction pass, read from the hosted PDF 2026-09-27; parsed by word coordinates"
nasa_fy2025_budget_request_congressional_justification,Exploration Ground Systems (Artemis I),TOTAL,1843.5,2629.3,+785.8,PDF p68 Development Cost Details,"R70 full-extraction pass, read from the hosted PDF 2026-09-27; parsed by word coordinates"
nasa_fy2025_budget_request_congressional_justification,Exploration Ground Systems (Artemis I),Mobile Launcher,213.1,501.8,+288.7,PDF p68 Development Cost Details,"R70 full-extraction pass, read from the hosted PDF 2026-09-27; parsed by word coordinates"
nasa_fy2025_budget_request_congressional_justification,Exploration Ground Systems (Artemis I),LC-39B Pad*,77.5,48.9,-28.6,PDF p68 Development Cost Details,"R70 full-extraction pass, read from the hosted PDF 2026-09-27; parsed by word coordinates"
nasa_fy2025_budget_request_congressional_justification,Exploration Ground Systems (Artemis I),VAB*,92.7,42.8,-49.9,PDF p68 Development Cost Details,"R70 full-extraction pass, read from the hosted PDF 2026-09-27; parsed by word coordinates"
nasa_fy2025_budget_request_congressional_justification,Exploration Ground Systems (Artemis I),"Command, Control, and Communications",198.0,544.6,+346.6,PDF p68 Development Cost Details,"R70 full-extraction pass, read from the hosted PDF 2026-09-27; parsed by word coordinates"
nasa_fy2025_budget_request_congressional_justification,Exploration Ground Systems (Artemis I),Offline Processing and Infrastructure*,110.2,149.3,+39.1,PDF p68 Development Cost Details,"R70 full-extraction pass, read from the hosted PDF 2026-09-27; parsed by word coordinates"
nasa_fy2025_budget_request_congressional_justification,Exploration Ground Systems (Artemis I),Other,1152.0,1341.9,+189.9,PDF p68 Development Cost Details,"R70 full-extraction pass, read from the hosted PDF 2026-09-27; parsed by word coordinates"
nasa_fy2025_budget_request_congressional_justification,Gateway (initial capability),TOTAL,3561.8,3561.8,0,PDF p82 Development Cost Details,"R70 full-extraction pass, read from the hosted PDF 2026-09-27; parsed by word coordinates"
nasa_fy2025_budget_request_congressional_justification,Gateway (initial capability),Project Management,167.0,167.0,0,PDF p82 Development Cost Details,"R70 full-extraction pass, read from the hosted PDF 2026-09-27; parsed by word coordinates"
nasa_fy2025_budget_request_congressional_justification,Gateway (initial capability),Systems Engineering,337.7,337.7,0,PDF p82 Development Cost Details,"R70 full-extraction pass, read from the hosted PDF 2026-09-27; parsed by word coordinates"
nasa_fy2025_budget_request_congressional_justification,Gateway (initial capability),Science/ Technology/ Payloads,48.8,48.8,0,PDF p82 Development Cost Details,"R70 full-extraction pass, read from the hosted PDF 2026-09-27; parsed by word coordinates"
nasa_fy2025_budget_request_congressional_justification,Gateway (initial capability),Safety,50.9,50.9,0,PDF p82 Development Cost Details,"R70 full-extraction pass, read from the hosted PDF 2026-09-27; parsed by word coordinates"
nasa_fy2025_budget_request_congressional_justification,Gateway (initial capability),Spacecraft,1632.8,1632.8,0,PDF p82 Development Cost Details,"R70 full-extraction pass, read from the hosted PDF 2026-09-27; parsed by word coordinates"
nasa_fy2025_budget_request_congressional_justification,Gateway (initial capability),Mission Operations,122.6,122.6,0,PDF p82 Development Cost Details,"R70 full-extraction pass, read from the hosted PDF 2026-09-27; parsed by word coordinates"
nasa_fy2025_budget_request_congressional_justification,Gateway (initial capability),Launch Vehicle,191.1,191.1,0,PDF p82 Development Cost Details,"R70 full-extraction pass, read from the hosted PDF 2026-09-27; parsed by word coordinates"
nasa_fy2025_budget_request_congressional_justification,Gateway (initial capability),UFE,1011.1,1011.1,0,PDF p82 Development Cost Details,"R70 full-extraction pass, read from the hosted PDF 2026-09-27; parsed by word coordinates"
nasa_fy2025_budget_request_congressional_justification,HLS Initial Capability,Launch Vehicle/ Services,2338.9,2338.9,0,PDF p96 Development Cost Details,"R70 full-extraction pass, read from the hosted PDF 2026-09-27; parsed by word coordinates"
nasa_fy2025_budget_request_congressional_justification,Solar Electric Propulsion (SEP),TOTAL,203.2,223.2,+20.0,PDF p223 Development Cost Details,"R70 full-extraction pass, read from the hosted PDF 2026-09-27; parsed by word coordinates"
nasa_fy2025_budget_request_congressional_justification,Solar Electric Propulsion (SEP),Science/Technology,159.7,172.8,+13.1,PDF p223 Development Cost Details,"R70 full-extraction pass, read from the hosted PDF 2026-09-27; parsed by word coordinates"
nasa_fy2025_budget_request_congressional_justification,Solar Electric Propulsion (SEP),Other Direct Project Costs,43.5,50.4,+6.9,PDF p223 Development Cost Details,"R70 full-extraction pass, read from the hosted PDF 2026-09-27; parsed by word coordinates"
nasa_fy2025_budget_request_congressional_justification,NISAR,TOTAL,921.1,901.1,-20.0,PDF p262 Development Cost Details,"R70 full-extraction pass, read from the hosted PDF 2026-09-27; parsed by word coordinates"
nasa_fy2025_budget_request_congressional_justification,NISAR,Aircraft/Spacecraft,143.6,145.6,+2.0,PDF p262 Development Cost Details,"R70 full-extraction pass, read from the hosted PDF 2026-09-27; parsed by word coordinates"
nasa_fy2025_budget_request_congressional_justification,NISAR,Payloads,369.6,370.4,+0.8,PDF p262 Development Cost Details,"R70 full-extraction pass, read from the hosted PDF 2026-09-27; parsed by word coordinates"
nasa_fy2025_budget_request_congressional_justification,NISAR,Systems I&T,104.8,107.0,+2.2,PDF p262 Development Cost Details,"R70 full-extraction pass, read from the hosted PDF 2026-09-27; parsed by word coordinates"
nasa_fy2025_budget_request_congressional_justification,NISAR,Launch Vehicle,0.2,0.2,+0,PDF p262 Development Cost Details,"R70 full-extraction pass, read from the hosted PDF 2026-09-27; parsed by word coordinates"
nasa_fy2025_budget_request_congressional_justification,NISAR,Ground Systems,97.1,97.1,+0,PDF p262 Development Cost Details,"R70 full-extraction pass, read from the hosted PDF 2026-09-27; parsed by word coordinates"
nasa_fy2025_budget_request_congressional_justification,NISAR,Science/Technology,35.4,35.4,+0,PDF p262 Development Cost Details,"R70 full-extraction pass, read from the hosted PDF 2026-09-27; parsed by word coordinates"
nasa_fy2025_budget_request_congressional_justification,NISAR,Other Direct Project Costs,170.4,145.4,-25.0,PDF p262 Development Cost Details,"R70 full-extraction pass, read from the hosted PDF 2026-09-27; parsed by word coordinates"
nasa_fy2025_budget_request_congressional_justification,Sentinel-6,TOTAL,465.9,363.5,-102.4,PDF p268 Development Cost Details,"R70 full-extraction pass, read from the hosted PDF 2026-09-27; parsed by word coordinates"
nasa_fy2025_budget_request_congressional_justification,Sentinel-6,Aircraft/Spacecraft,0,0,0,PDF p268 Development Cost Details,"R70 full-extraction pass, read from the hosted PDF 2026-09-27; parsed by word coordinates"
nasa_fy2025_budget_request_congressional_justification,Sentinel-6,Payloads,65.8,77.1,+11.3,PDF p268 Development Cost Details,"R70 full-extraction pass, read from the hosted PDF 2026-09-27; parsed by word coordinates"
nasa_fy2025_budget_request_congressional_justification,Sentinel-6,Systems I&T,8.8,6.2,-2.6,PDF p268 Development Cost Details,"R70 full-extraction pass, read from the hosted PDF 2026-09-27; parsed by word coordinates"
nasa_fy2025_budget_request_congressional_justification,Sentinel-6,Launch Vehicle,280.7,190.6,-90.1,PDF p268 Development Cost Details,"R70 full-extraction pass, read from the hosted PDF 2026-09-27; parsed by word coordinates"
nasa_fy2025_budget_request_congressional_justification,Sentinel-6,Ground Systems,9.7,14.0,+4.3,PDF p268 Development Cost Details,"R70 full-extraction pass, read from the hosted PDF 2026-09-27; parsed by word coordinates"
nasa_fy2025_budget_request_congressional_justification,Sentinel-6,Science/Technology,4.4,19.9,+15.5,PDF p268 Development Cost Details,"R70 full-extraction pass, read from the hosted PDF 2026-09-27; parsed by word coordinates"
nasa_fy2025_budget_request_congressional_justification,Sentinel-6,Other Direct Project Costs,96.5,55.7,-40.8,PDF p268 Development Cost Details,"R70 full-extraction pass, read from the hosted PDF 2026-09-27; parsed by word coordinates"
nasa_fy2025_budget_request_congressional_justification,PACE,TOTAL,558.0,605.2,+47.2,PDF p273 Development Cost Details,"R70 full-extraction pass, read from the hosted PDF 2026-09-27; parsed by word coordinates"
nasa_fy2025_budget_request_congressional_justification,PACE,Aircraft/Spacecraft,103.6,136.3,+32.7,PDF p273 Development Cost Details,"R70 full-extraction pass, read from the hosted PDF 2026-09-27; parsed by word coordinates"
nasa_fy2025_budget_request_congressional_justification,PACE,Payloads,79.2,189.2,+110.0,PDF p273 Development Cost Details,"R70 full-extraction pass, read from the hosted PDF 2026-09-27; parsed by word coordinates"
nasa_fy2025_budget_request_congressional_justification,PACE,Systems I&T,18.8,27.1,+8.3,PDF p273 Development Cost Details,"R70 full-extraction pass, read from the hosted PDF 2026-09-27; parsed by word coordinates"
nasa_fy2025_budget_request_congressional_justification,PACE,Launch Vehicle,105.0,78.6,-26.4,PDF p273 Development Cost Details,"R70 full-extraction pass, read from the hosted PDF 2026-09-27; parsed by word coordinates"
nasa_fy2025_budget_request_congressional_justification,PACE,Ground Systems,19.3,28.8,+9.5,PDF p273 Development Cost Details,"R70 full-extraction pass, read from the hosted PDF 2026-09-27; parsed by word coordinates"
nasa_fy2025_budget_request_congressional_justification,PACE,Science/Technology,50.0,59.1,+9.1,PDF p273 Development Cost Details,"R70 full-extraction pass, read from the hosted PDF 2026-09-27; parsed by word coordinates"
nasa_fy2025_budget_request_congressional_justification,PACE,Other Direct Project Costs,182.1,86.2,-95.9,PDF p273 Development Cost Details,"R70 full-extraction pass, read from the hosted PDF 2026-09-27; parsed by word coordinates"
nasa_fy2025_budget_request_congressional_justification,Near Earth Object Surveyor,TOTAL,1228.6,1228.6,0.0,PDF p370 Development Cost Details,"R70 full-extraction pass, read from the hosted PDF 2026-09-27; parsed by word coordinates"
nasa_fy2025_budget_request_congressional_justification,Near Earth Object Surveyor,Aircraft/Spacecraft,338.0,338.0,0.0,PDF p370 Development Cost Details,"R70 full-extraction pass, read from the hosted PDF 2026-09-27; parsed by word coordinates"
nasa_fy2025_budget_request_congressional_justification,Near Earth Object Surveyor,Payloads,221.7,221.7,0.0,PDF p370 Development Cost Details,"R70 full-extraction pass, read from the hosted PDF 2026-09-27; parsed by word coordinates"
nasa_fy2025_budget_request_congressional_justification,Near Earth Object Surveyor,Systems I&T,4.1,4.1,0.0,PDF p370 Development Cost Details,"R70 full-extraction pass, read from the hosted PDF 2026-09-27; parsed by word coordinates"
nasa_fy2025_budget_request_congressional_justification,Near Earth Object Surveyor,Launch Vehicle,134.0,134.0,0.0,PDF p370 Development Cost Details,"R70 full-extraction pass, read from the hosted PDF 2026-09-27; parsed by word coordinates"
nasa_fy2025_budget_request_congressional_justification,Near Earth Object Surveyor,Ground Systems,25.2,25.2,0.0,PDF p370 Development Cost Details,"R70 full-extraction pass, read from the hosted PDF 2026-09-27; parsed by word coordinates"
nasa_fy2025_budget_request_congressional_justification,Near Earth Object Surveyor,Science/Technology,71.7,71.7,0.0,PDF p370 Development Cost Details,"R70 full-extraction pass, read from the hosted PDF 2026-09-27; parsed by word coordinates"
nasa_fy2025_budget_request_congressional_justification,Near Earth Object Surveyor,Other Direct Project Costs,433.9,433.9,0.0,PDF p370 Development Cost Details,"R70 full-extraction pass, read from the hosted PDF 2026-09-27; parsed by word coordinates"
nasa_fy2025_budget_request_congressional_justification,VIPER,TOTAL,336.2,405.1,+69.0,PDF p385 Development Cost Details,"R70 full-extraction pass, read from the hosted PDF 2026-09-27; parsed by word coordinates"
nasa_fy2025_budget_request_congressional_justification,VIPER,Rover,92.2,185.8,+93.6,PDF p385 Development Cost Details,"R70 full-extraction pass, read from the hosted PDF 2026-09-27; parsed by word coordinates"
nasa_fy2025_budget_request_congressional_justification,VIPER,Payloads,22.8,35.0,+12.2,PDF p385 Development Cost Details,"R70 full-extraction pass, read from the hosted PDF 2026-09-27; parsed by word coordinates"
nasa_fy2025_budget_request_congressional_justification,VIPER,Systems I&T,15.7,65.2,+49.5,PDF p385 Development Cost Details,"R70 full-extraction pass, read from the hosted PDF 2026-09-27; parsed by word coordinates"
nasa_fy2025_budget_request_congressional_justification,VIPER,Launch Vehicle,1.8,3.6,+1.8,PDF p385 Development Cost Details,"R70 full-extraction pass, read from the hosted PDF 2026-09-27; parsed by word coordinates"
nasa_fy2025_budget_request_congressional_justification,VIPER,Ground Systems,37.1,61.2,+24.1,PDF p385 Development Cost Details,"R70 full-extraction pass, read from the hosted PDF 2026-09-27; parsed by word coordinates"
nasa_fy2025_budget_request_congressional_justification,VIPER,Science/Technology,7.2,12.4,+5.2,PDF p385 Development Cost Details,"R70 full-extraction pass, read from the hosted PDF 2026-09-27; parsed by word coordinates"
nasa_fy2025_budget_request_congressional_justification,VIPER,Other Direct Project Costs,159.4,42.0,-117.4,PDF p385 Development Cost Details,"R70 full-extraction pass, read from the hosted PDF 2026-09-27; parsed by word coordinates"
nasa_fy2025_budget_request_congressional_justification,Europa Clipper,TOTAL,2412.8,2509.0,+96.2,PDF p446 Development Cost Details,"R70 full-extraction pass, read from the hosted PDF 2026-09-27; parsed by word coordinates"
nasa_fy2025_budget_request_congressional_justification,Europa Clipper,Aircraft/Spacecraft,818.7,1224.5,+405.8,PDF p446 Development Cost Details,"R70 full-extraction pass, read from the hosted PDF 2026-09-27; parsed by word coordinates"
nasa_fy2025_budget_request_congressional_justification,Europa Clipper,Payloads,168.7,514.2,+345.5,PDF p446 Development Cost Details,"R70 full-extraction pass, read from the hosted PDF 2026-09-27; parsed by word coordinates"
nasa_fy2025_budget_request_congressional_justification,Europa Clipper,Systems I&T,63.2,68.5,+5.3,PDF p446 Development Cost Details,"R70 full-extraction pass, read from the hosted PDF 2026-09-27; parsed by word coordinates"
nasa_fy2025_budget_request_congressional_justification,Europa Clipper,Launch Vehicle,432.0,202.0,-230.0,PDF p446 Development Cost Details,"R70 full-extraction pass, read from the hosted PDF 2026-09-27; parsed by word coordinates"
nasa_fy2025_budget_request_congressional_justification,Europa Clipper,Ground Systems,104.8,177.6,+72.8,PDF p446 Development Cost Details,"R70 full-extraction pass, read from the hosted PDF 2026-09-27; parsed by word coordinates"
nasa_fy2025_budget_request_congressional_justification,Europa Clipper,Science/Technology,24.8,33.9,+9.1,PDF p446 Development Cost Details,"R70 full-extraction pass, read from the hosted PDF 2026-09-27; parsed by word coordinates"
nasa_fy2025_budget_request_congressional_justification,Europa Clipper,Other Direct Project Costs,800.6,288.3,-512.3,PDF p446 Development Cost Details,"R70 full-extraction pass, read from the hosted PDF 2026-09-27; parsed by word coordinates"
nasa_fy2025_budget_request_congressional_justification,Nancy Grace Roman Space Telescope,TOTAL,2898.1,3270.1,+372.0,PDF p490 Development Cost Details,"R70 full-extraction pass, read from the hosted PDF 2026-09-27; parsed by word coordinates"
nasa_fy2025_budget_request_congressional_justification,Nancy Grace Roman Space Telescope,Aircraft/Spacecraft,278.1,403.8,+125.7,PDF p490 Development Cost Details,"R70 full-extraction pass, read from the hosted PDF 2026-09-27; parsed by word coordinates"
nasa_fy2025_budget_request_congressional_justification,Nancy Grace Roman Space Telescope,Payloads,661.6,898.4,+236.8,PDF p490 Development Cost Details,"R70 full-extraction pass, read from the hosted PDF 2026-09-27; parsed by word coordinates"
nasa_fy2025_budget_request_congressional_justification,Nancy Grace Roman Space Telescope,Systems I&T,183.2,317.3,+134.1,PDF p490 Development Cost Details,"R70 full-extraction pass, read from the hosted PDF 2026-09-27; parsed by word coordinates"
nasa_fy2025_budget_request_congressional_justification,Nancy Grace Roman Space Telescope,Launch Vehicle,238.6,261.2,+22.6,PDF p490 Development Cost Details,"R70 full-extraction pass, read from the hosted PDF 2026-09-27; parsed by word coordinates"
nasa_fy2025_budget_request_congressional_justification,Nancy Grace Roman Space Telescope,Ground Systems,217.6,294.1,+76.5,PDF p490 Development Cost Details,"R70 full-extraction pass, read from the hosted PDF 2026-09-27; parsed by word coordinates"
nasa_fy2025_budget_request_congressional_justification,Nancy Grace Roman Space Telescope,Science/Technology,79.4,110.9,+31.5,PDF p490 Development Cost Details,"R70 full-extraction pass, read from the hosted PDF 2026-09-27; parsed by word coordinates"
nasa_fy2025_budget_request_congressional_justification,Nancy Grace Roman Space Telescope,Other Direct Project Costs,1239.6,984.4,-255.2,PDF p490 Development Cost Details,"R70 full-extraction pass, read from the hosted PDF 2026-09-27; parsed by word coordinates"
nasa_fy2025_budget_request_congressional_justification,SPHEREx,TOTAL,367.8,367.8,0.0,PDF p504 Development Cost Details,"R70 full-extraction pass, read from the hosted PDF 2026-09-27; parsed by word coordinates"
nasa_fy2025_budget_request_congressional_justification,SPHEREx,Aircraft/Spacecraft,54.9,75.2,+20.3,PDF p504 Development Cost Details,"R70 full-extraction pass, read from the hosted PDF 2026-09-27; parsed by word coordinates"
nasa_fy2025_budget_request_congressional_justification,SPHEREx,Payloads,45.8,98.2,+52.4,PDF p504 Development Cost Details,"R70 full-extraction pass, read from the hosted PDF 2026-09-27; parsed by word coordinates"
nasa_fy2025_budget_request_congressional_justification,SPHEREx,Systems I&T,11.9,15.5,+3.6,PDF p504 Development Cost Details,"R70 full-extraction pass, read from the hosted PDF 2026-09-27; parsed by word coordinates"
nasa_fy2025_budget_request_congressional_justification,SPHEREx,Launch Vehicle,112.4,96.6,-15.8,PDF p504 Development Cost Details,"R70 full-extraction pass, read from the hosted PDF 2026-09-27; parsed by word coordinates"
nasa_fy2025_budget_request_congressional_justification,SPHEREx,Ground Systems,12.0,12.9,+0.9,PDF p504 Development Cost Details,"R70 full-extraction pass, read from the hosted PDF 2026-09-27; parsed by word coordinates"
nasa_fy2025_budget_request_congressional_justification,SPHEREx,Science/Technology,21.0,25.9,+4.9,PDF p504 Development Cost Details,"R70 full-extraction pass, read from the hosted PDF 2026-09-27; parsed by word coordinates"
nasa_fy2025_budget_request_congressional_justification,SPHEREx,Other Direct Project Costs,109.8,43.5,-66.3,PDF p504 Development Cost Details,"R70 full-extraction pass, read from the hosted PDF 2026-09-27; parsed by word coordinates"
nasa_fy2025_budget_request_congressional_justification,IMAP,TOTAL,589.5,589.5,0,PDF p544 Development Cost Details,"R70 full-extraction pass, read from the hosted PDF 2026-09-27; parsed by word coordinates"
nasa_fy2025_budget_request_congressional_justification,IMAP,Spacecraft,67.4,94.2,+26.8,PDF p544 Development Cost Details,"R70 full-extraction pass, read from the hosted PDF 2026-09-27; parsed by word coordinates"
nasa_fy2025_budget_request_congressional_justification,IMAP,Payloads,124.9,163.3,+38.4,PDF p544 Development Cost Details,"R70 full-extraction pass, read from the hosted PDF 2026-09-27; parsed by word coordinates"
nasa_fy2025_budget_request_congressional_justification,IMAP,Systems I&T,26.6,27.5,+0.9,PDF p544 Development Cost Details,"R70 full-extraction pass, read from the hosted PDF 2026-09-27; parsed by word coordinates"
nasa_fy2025_budget_request_congressional_justification,IMAP,Launch Vehicle,78.4,80.9,+2.5,PDF p545 Development Cost Details,"R70 full-extraction pass, read from the hosted PDF 2026-09-27; parsed by word coordinates"
nasa_fy2025_budget_request_congressional_justification,IMAP,Ground Systems,33.7,33.7,0,PDF p545 Development Cost Details,"R70 full-extraction pass, read from the hosted PDF 2026-09-27; parsed by word coordinates"
nasa_fy2025_budget_request_congressional_justification,IMAP,Science/Technology,21.6,13.3,-8.3,PDF p545 Development Cost Details,"R70 full-extraction pass, read from the hosted PDF 2026-09-27; parsed by word coordinates"
nasa_fy2025_budget_request_congressional_justification,IMAP,Other Direct Project Costs,236.9,176.6,-60.3,PDF p545 Development Cost Details,"R70 full-extraction pass, read from the hosted PDF 2026-09-27; parsed by word coordinates"
nasa_fy2025_budget_request_congressional_justification,Low Boom Flight Demonstrator (X-59),TOTAL,709.2,709.2,0,PDF p621 Development Cost Details,"R70 full-extraction pass, read from the hosted PDF 2026-09-27; parsed by word coordinates"
nasa_fy2025_budget_request_congressional_justification,Low Boom Flight Demonstrator (X-59),Flight Sciences,39.7,39.7,0,PDF p621 Development Cost Details,"R70 full-extraction pass, read from the hosted PDF 2026-09-27; parsed by word coordinates"
nasa_fy2025_budget_request_congressional_justification,Low Boom Flight Demonstrator (X-59),Flight Systems,37.5,37.5,0,PDF p621 Development Cost Details,"R70 full-extraction pass, read from the hosted PDF 2026-09-27; parsed by word coordinates"
nasa_fy2025_budget_request_congressional_justification,Low Boom Flight Demonstrator (X-59),Aircraft,476.7,476.7,0,PDF p621 Development Cost Details,"R70 full-extraction pass, read from the hosted PDF 2026-09-27; parsed by word coordinates"
nasa_fy2025_budget_request_congressional_justification,Low Boom Flight Demonstrator (X-59),Aircraft Operations,70.8,70.8,0,PDF p621 Development Cost Details,"R70 full-extraction pass, read from the hosted PDF 2026-09-27; parsed by word coordinates"
nasa_fy2025_budget_request_congressional_justification,Low Boom Flight Demonstrator (X-59),Other Direct Project Costs,84.5,84.5,0,PDF p621 Development Cost Details,"R70 full-extraction pass, read from the hosted PDF 2026-09-27; parsed by word coordinates"
