source_id,table,project,base_year,jcl_pct,baseline_dev_cost_usd_mn,fy2024_dev_cost_usd_mn,cost_change,key_milestone_event,baseline_milestone,fy2024_milestone,schedule_change_months,location_in_source,notes
nasa_fy2025_budget_request_congressional_justification,Table 1 MPAR summary and confidence levels (FY 2024 estimates),Europa Clipper,2019,Not Avail (note 2),2412.8,2509.0,4%,LRD,Sep 2025,Oct 2024,-11,PDF p774 Table 1 (CSP-3),"cost change recomputed = 4.0% (printed rounded to whole %, checked); note 2: the LRD of 2025 was outside the timeframe of the JCL results; wrapped labels re-joined from the word grid; base year in parenthesis = original KDP-C year (note 1); R72"
nasa_fy2025_budget_request_congressional_justification,Table 1 MPAR summary and confidence levels (FY 2024 estimates),Gateway IC,2023,70,3562.0,3562.0,0%,LRD,Dec 2027,Dec 2027,0,PDF p774 Table 1 (CSP-3),"cost change recomputed = 0.0% (printed rounded to whole %, checked); wrapped labels re-joined from the word grid; base year in parenthesis = original KDP-C year (note 1); R72"
nasa_fy2025_budget_request_congressional_justification,Table 1 MPAR summary and confidence levels (FY 2024 estimates),HLS IC,2023,70,2339.0,2339.0,0%,LOCR,Feb 2028,Feb 2028,0,PDF p774 Table 1 (CSP-3),"cost change recomputed = 0.0% (printed rounded to whole %, checked); wrapped labels re-joined from the word grid; base year in parenthesis = original KDP-C year (note 1); R72"
nasa_fy2025_budget_request_congressional_justification,Table 1 MPAR summary and confidence levels (FY 2024 estimates),IMAP,2021,70,589.5,589.5,0%,LRD,Dec 2025,Dec 2025,0,PDF p774 Table 1 (CSP-3),"cost change recomputed = 0.0% (printed rounded to whole %, checked); wrapped labels re-joined from the word grid; base year in parenthesis = original KDP-C year (note 1); R72"
nasa_fy2025_budget_request_congressional_justification,Table 1 MPAR summary and confidence levels (FY 2024 estimates),LBFD,2023 (2018),Not Avail (note 3),709.2,709.2,0%,First Flight,Oct 2024,Oct 2024,0,PDF p774 Table 1 (CSP-3),"cost change recomputed = 0.0% (printed rounded to whole %, checked); wrapped labels re-joined from the word grid; base year in parenthesis = original KDP-C year (note 1); R72"
nasa_fy2025_budget_request_congressional_justification,Table 1 MPAR summary and confidence levels (FY 2024 estimates),NEO Surveyor,2022,86,1228.6,1228.6,0%,LRD,Jun 2028,Jun 2028,0,PDF p774 Table 1 (CSP-3),"cost change recomputed = 0.0% (printed rounded to whole %, checked); wrapped labels re-joined from the word grid; base year in parenthesis = original KDP-C year (note 1); R72"
nasa_fy2025_budget_request_congressional_justification,Table 1 MPAR summary and confidence levels (FY 2024 estimates),NISAR,2022 (2016),70,921.1,901.1,-2%,LRD,Oct 2024,Oct 2024,0,PDF p774 Table 1 (CSP-3),"cost change recomputed = -2.2% (printed rounded to whole %, checked); wrapped labels re-joined from the word grid; base year in parenthesis = original KDP-C year (note 1); R72"
nasa_fy2025_budget_request_congressional_justification,Table 1 MPAR summary and confidence levels (FY 2024 estimates),Orion,2021 (2015),70,9301.2,9622.4,3%,Artemis II LRD,May 2024,Sep 2025,16,PDF p774 Table 1 (CSP-3),"cost change recomputed = 3.5% (printed rounded to whole %, checked); the FY2027 MPAR carries the same 9,301.2 baseline with 10,174.4 current (+9.4%) and Apr 2026 (+21 months); wrapped labels re-joined from the word grid; base year in parenthesis = original KDP-C year (note 1); R72"
nasa_fy2025_budget_request_congressional_justification,Table 1 MPAR summary and confidence levels (FY 2024 estimates),OSAM-1,2022 (2020),88,1244.0,Cancelled,N/A,LRD,Dec 2026,Cancelled,N/A,PDF p774 Table 1 (CSP-3),wrapped labels re-joined from the word grid; base year in parenthesis = original KDP-C year (note 1); R72
nasa_fy2025_budget_request_congressional_justification,Table 1 MPAR summary and confidence levels (FY 2024 estimates),PACE,2019,70,558.0,605.2,8%,LRD,Jan 2024,Feb 2024,1,PDF p774 Table 1 (CSP-3),"cost change recomputed = 8.5% (printed rounded to whole %, checked); launched February 8, 2024 (p773); wrapped labels re-joined from the word grid; base year in parenthesis = original KDP-C year (note 1); R72"
nasa_fy2025_budget_request_congressional_justification,Table 1 MPAR summary and confidence levels (FY 2024 estimates),Roman,2021,78,2898.1,3270.0,13%,LRD,Oct 2026,May 2027,7,PDF p774 Table 1 (CSP-3),"cost change recomputed = 12.8% (printed rounded to whole %, checked); the FY2027 MPAR lists base year 2020 and current 3,120.2 (+7.7%); wrapped labels re-joined from the word grid; base year in parenthesis = original KDP-C year (note 1); R72"
nasa_fy2025_budget_request_congressional_justification,Table 1 MPAR summary and confidence levels (FY 2024 estimates),SEP,2021 (2019),70,203.2,223.2,10%,Electric Propulsion Thruster Life Qual Test,Oct 2028,Jan 2029,3,PDF p774 Table 1 (CSP-3),"cost change recomputed = 9.8% (printed rounded to whole %, checked); wrapped labels re-joined from the word grid; base year in parenthesis = original KDP-C year (note 1); R72"
nasa_fy2025_budget_request_congressional_justification,Table 1 MPAR summary and confidence levels (FY 2024 estimates),Sentinel-6,2017,70,465.9,363.5,-22%,LRD (B),Nov 2026,Nov 2026,0,PDF p774 Table 1 (CSP-3),"cost change recomputed = -22.0% (printed rounded to whole %, checked); wrapped labels re-joined from the word grid; base year in parenthesis = original KDP-C year (note 1); R72"
nasa_fy2025_budget_request_congressional_justification,Table 1 MPAR summary and confidence levels (FY 2024 estimates),SLS Block 1B,2023,70,3674.0,3674.0,0%,DCR,Jan 2028,Jan 2028,0,PDF p774 Table 1 (CSP-3),"cost change recomputed = 0.0% (printed rounded to whole %, checked); the FY2027 MPAR gives baseline 3,675.3 and current 3,904.7 (+6.2%); wrapped labels re-joined from the word grid; base year in parenthesis = original KDP-C year (note 1); R72"
nasa_fy2025_budget_request_congressional_justification,Table 1 MPAR summary and confidence levels (FY 2024 estimates),SPHEREx,2020,70,367.8,367.8,0%,LRD,Apr 2025,Apr 2025,0,PDF p774 Table 1 (CSP-3),"cost change recomputed = 0.0% (printed rounded to whole %, checked); wrapped labels re-joined from the word grid; base year in parenthesis = original KDP-C year (note 1); R72"
nasa_fy2025_budget_request_congressional_justification,Table 1 MPAR summary and confidence levels (FY 2024 estimates),VIPER,2021,70,336.2,405.1,20%,IOC,Nov 2023,Nov 2024,12,PDF p774 Table 1 (CSP-3),"cost change recomputed = 20.5% (printed rounded to whole %, checked); wrapped labels re-joined from the word grid; base year in parenthesis = original KDP-C year (note 1); R72"
